vertex	distance_after_supersteps
0	0
1	1
2	1
3	1
4	1
5	1
6	1
7	1
8	1
9	1
10	1
11	1
12	1
13	1
14	1
15	1
16	1
17	1
18	1
19	1
20	1
21	1
22	1
23	1
24	1
25	1
26	1
27	1
28	1
29	1
30	1
31	1
32	1
33	1
34	1
35	1
36	1
37	1
38	1
39	1
40	1
41	1
42	1
43	1
44	1
45	1
46	1
47	1
48	1
49	1
50	1
51	1
52	1
53	1
54	1
55	1
56	1
57	1
58	1
59	1
60	1
61	1
62	1
63	1
64	1
65	1
66	1
67	1
68	1
69	1
70	1
71	1
72	1
73	1
74	1
75	1
76	1
77	1
78	1
79	1
80	1
81	1
82	1
83	1
84	1
85	1
86	1
87	1
88	1
89	1
90	1
91	1
92	1
93	1
94	1
95	1
96	1
97	1
98	1
99	1
100	1
101	1
102	1
103	1
104	1
105	1
106	1
107	1
108	1
109	1
110	1
111	1
112	1
113	1
114	1
115	1
116	1
117	1
118	1
119	1
120	1
121	1
122	1
123	1
124	1
125	1
126	1
127	1
128	1
129	1
130	1
131	1
132	1
133	1
134	1
135	1
136	1
137	1
138	1
139	1
140	1
141	1
142	1
143	1
144	1
145	1
146	1
147	1
148	1
149	1
150	1
151	1
152	1
153	1
154	1
155	1
156	1
157	1
158	1
159	1
160	1
161	1
162	1
163	1
164	1
165	1
166	1
167	1
168	1
169	1
170	1
171	1
172	1
173	1
174	1
175	1
176	1
177	1
178	1
179	1
180	1
181	1
182	1
183	1
184	1
185	1
186	1
187	1
188	1
189	1
190	1
191	1
192	1
193	1
194	1
195	1
196	1
197	1
198	1
199	1
200	1
201	1
202	1
203	1
204	1
205	1
206	1
207	1
208	1
209	1
210	1
211	1
212	1
213	1
214	1
215	1
216	1
217	1
218	1
219	1
220	1
221	1
222	1
223	1
224	1
225	1
226	1
227	1
228	1
229	1
230	1
231	1
232	1
233	1
234	1
235	1
236	1
237	1
238	1
239	1
240	1
241	1
242	1
243	1
244	1
245	1
246	1
247	1
248	1
249	1
250	1
251	1
252	1
253	1
254	1
255	1
256	1
257	1
258	1
259	1
260	1
261	1
262	1
263	1
264	1
265	1
266	1
267	1
268	1
269	1
270	1
271	1
272	1
273	1
274	1
275	1
276	1
277	1
278	1
279	1
280	1
281	1
282	1
283	1
284	1
285	1
286	1
287	1
288	1
289	1
290	1
291	1
292	1
293	1
294	1
295	1
296	1
297	1
298	1
299	1
300	1
301	1
302	1
303	1
304	1
305	1
306	1
307	1
308	1
309	1
310	1
311	1
312	1
313	1
314	1
315	1
316	1
317	1
318	1
319	1
320	1
321	1
322	1
323	1
324	1
325	1
326	1
327	1
328	1
329	1
330	1
331	1
332	1
333	1
334	1
335	1
336	1
337	1
338	1
339	1
340	1
341	1
342	1
343	1
344	1
345	1
346	1
347	1
348	1
349	1
350	1
351	1
352	1
353	1
354	1
355	1
356	1
357	1
358	1
359	1
360	1
361	1
362	1
363	1
364	1
365	1
366	1
367	1
368	1
369	1
370	1
371	1
372	1
373	1
374	1
375	1
376	1
377	1
378	1
379	1
380	1
381	1
382	1
383	1
384	1
385	1
386	1
387	1
388	1
389	1
390	1
391	1
392	1
393	1
394	1
395	1
396	1
397	1
398	1
399	1
400	1
401	1
402	1
403	1
404	1
405	1
406	1
407	1
408	1
409	1
410	1
411	1
412	1
413	1
414	1
415	1
416	1
417	1
418	1
419	1
420	1
421	1
422	1
423	1
424	1
425	1
426	1
427	1
428	1
429	1
430	1
431	1
432	1
433	1
434	1
435	1
436	1
437	1
438	1
439	1
440	1
441	1
442	1
443	1
444	1
445	1
446	1
447	1
448	1
449	1
450	1
451	1
452	1
453	1
454	1
455	1
456	1
457	1
458	1
459	1
460	1
461	1
462	1
463	1
464	1
465	1
466	1
467	1
468	1
469	1
470	1
471	1
472	1
473	1
474	1
475	1
476	1
477	1
478	1
479	1
480	1
481	1
482	1
483	1
484	1
485	1
486	1
487	1
488	1
489	1
490	1
491	1
492	1
493	1
494	1
495	1
496	1
497	1
498	1
499	1
500	1
501	1
502	1
503	1
504	1
505	1
506	1
507	1
508	1
509	1
510	1
511	1
512	1
513	1
514	1
515	1
516	1
517	1
518	1
519	1
520	1
521	1
522	1
523	1
524	1
525	1
526	1
527	1
528	1
529	1
530	1
531	1
532	1
533	1
534	1
535	1
536	1
537	1
538	1
539	1
540	1
541	1
542	1
543	1
544	1
545	1
546	1
547	1
548	1
549	1
550	1
551	1
552	1
553	1
554	1
555	1
556	1
557	1
558	1
559	1
560	1
561	1
562	1
563	1
564	1
565	1
566	1
567	1
568	1
569	1
570	1
571	1
572	1
573	1
574	1
575	1
576	1
577	1
578	1
579	1
580	1
581	1
582	1
583	1
584	1
585	1
586	1
587	1
588	1
589	1
590	1
591	1
592	1
593	1
594	1
595	1
596	1
597	1
598	1
599	1
600	1
601	1
602	1
603	1
604	1
605	1
606	1
607	1
608	1
609	1
610	1
611	1
612	1
613	1
614	1
615	1
616	1
617	1
618	1
619	1
620	1
621	1
622	1
623	1
624	1
625	1
626	1
627	1
628	1
629	1
630	1
631	1
632	1
633	1
634	1
635	1
636	1
637	1
638	1
639	1
640	1
641	1
642	1
643	1
644	1
645	1
646	1
647	1
648	1
649	1
650	1
651	1
652	1
653	1
654	1
655	1
656	1
657	1
658	1
659	1
660	1
661	1
662	1
663	1
664	1
665	1
666	1
667	1
668	1
669	1
670	1
671	1
672	1
673	1
674	1
675	1
676	1
677	1
678	1
679	1
680	1
681	1
682	1
683	1
684	1
685	1
686	1
687	1
688	1
689	1
690	1
691	1
692	1
693	1
694	1
695	1
696	1
697	1
698	1
699	1
700	1
701	1
702	1
703	1
704	1
705	1
706	1
707	1
708	1
709	1
710	1
711	1
712	1
713	1
714	1
715	1
716	1
717	1
718	1
719	1
720	1
721	1
722	1
723	1
724	1
725	1
726	1
727	1
728	1
729	1
730	1
731	1
732	1
733	1
734	1
735	1
736	1
737	1
738	1
739	1
740	1
741	1
742	1
743	1
744	1
745	1
746	1
747	1
748	1
749	1
750	1
751	1
752	1
753	1
754	1
755	1
756	1
757	1
758	1
759	1
760	1
761	1
762	1
763	1
764	1
765	1
766	1
767	1
768	1
769	1
770	1
771	1
772	1
773	1
774	1
775	1
776	1
777	1
778	1
779	1
780	1
781	1
782	1
783	1
784	1
785	1
786	1
787	1
788	1
789	1
790	1
791	1
792	1
793	1
794	1
795	1
796	1
797	1
798	1
799	1
800	1
801	1
802	1
803	1
804	1
805	1
806	1
807	1
808	1
809	1
810	1
811	1
812	1
813	1
814	1
815	1
816	1
817	1
818	1
819	1
820	1
821	1
822	1
823	1
824	1
825	1
826	1
827	1
828	1
829	1
830	1
831	1
832	1
833	1
834	1
835	1
836	1
837	1
838	1
839	1
840	1
841	1
842	1
843	1
844	1
845	1
846	1
847	1
848	1
849	1
850	1
851	1
852	1
853	1
854	1
855	1
856	1
857	1
858	1
859	1
860	1
861	1
862	1
863	1
864	1
865	1
866	1
867	1
868	1
869	1
870	1
871	1
872	1
873	1
874	1
875	1
876	1
877	1
878	1
879	1
880	1
881	1
882	1
883	1
884	1
885	1
886	1
887	1
888	1
889	1
890	1
891	1
892	1
893	1
894	1
895	1
896	1
897	1
898	1
899	1
900	1
901	1
902	1
903	1
904	1
905	1
906	1
907	1
908	1
909	1
910	1
911	1
912	1
913	1
914	1
915	1
916	1
917	1
918	1
919	1
920	1
921	1
922	1
923	1
924	1
925	1
926	1
927	1
928	1
929	1
930	1
931	1
932	1
933	1
934	1
935	1
936	1
937	1
938	1
939	1
940	1
941	1
942	1
943	1
944	1
945	1
946	1
947	1
948	1
949	1
950	1
951	1
952	1
953	1
954	1
955	1
956	1
957	1
958	1
959	1
960	1
961	1
962	1
963	1
964	1
965	1
966	1
967	1
968	1
969	1
970	1
971	1
972	1
973	1
974	1
975	1
976	1
977	1
978	1
979	1
980	1
981	1
982	1
983	1
984	1
985	1
986	1
987	1
988	1
989	1
990	1
991	1
992	1
993	1
994	1
995	1
996	1
997	1
998	1
999	1
1000	1
1001	1
1002	1
1003	1
1004	1
1005	1
1006	1
1007	1
1008	1
1009	1
1010	1
1011	1
1012	1
1013	1
1014	1
1015	1
1016	1
1017	1
1018	1
1019	1
1020	1
1021	1
1022	1
1023	1
1024	1
1025	1
1026	2
1027	INF
1028	INF
1029	INF
1030	INF
1031	INF
1032	INF
1033	INF
1034	INF
1035	INF
1036	INF
1037	INF
1038	INF
1039	INF
1040	INF
1041	INF
1042	INF
1043	INF
1044	INF
1045	INF
1046	INF
1047	INF
1048	INF
1049	INF
1050	INF
1051	INF
1052	INF
1053	INF
1054	INF
1055	INF
1056	INF
1057	INF
1058	INF
1059	INF
1060	INF
1061	INF
1062	INF
1063	INF
1064	INF
1065	INF
1066	INF
1067	INF
1068	INF
1069	INF
1070	INF
1071	INF
1072	INF
1073	INF
1074	INF
1075	INF
1076	INF
1077	INF
1078	INF
1079	INF
1080	INF
1081	INF
1082	INF
1083	INF
1084	INF
1085	INF
1086	INF
1087	INF
1088	INF
1089	INF
1090	INF
1091	INF
1092	INF
1093	INF
1094	INF
1095	INF
1096	INF
1097	INF
1098	INF
1099	INF
1100	INF
1101	INF
1102	INF
1103	INF
1104	INF
1105	INF
1106	INF
1107	INF
1108	INF
1109	INF
1110	INF
1111	INF
1112	INF
1113	INF
1114	INF
1115	INF
1116	INF
1117	INF
1118	INF
1119	INF
1120	INF
1121	INF
1122	INF
1123	INF
1124	INF
1125	INF
1126	INF
1127	INF
1128	INF
1129	INF
1130	INF
1131	INF
1132	INF
1133	INF
1134	INF
1135	INF
1136	INF
1137	INF
1138	INF
1139	INF
1140	INF
1141	INF
1142	INF
1143	INF
1144	INF
1145	INF
1146	INF
1147	INF
1148	INF
1149	INF
1150	INF
1151	INF
1152	INF
1153	INF
1154	INF
1155	INF
1156	INF
1157	INF
1158	INF
1159	INF
1160	INF
1161	INF
1162	INF
1163	INF
1164	INF
1165	INF
1166	INF
1167	INF
1168	INF
1169	INF
1170	INF
1171	INF
1172	INF
1173	INF
1174	INF
1175	INF
1176	INF
1177	INF
1178	INF
1179	INF
1180	INF
1181	INF
1182	INF
1183	INF
1184	INF
1185	INF
1186	INF
1187	INF
1188	INF
1189	INF
1190	INF
1191	INF
1192	INF
1193	INF
1194	INF
1195	INF
1196	INF
1197	INF
1198	INF
1199	INF
1200	INF
1201	INF
1202	INF
1203	INF
1204	INF
1205	INF
1206	INF
1207	INF
1208	INF
1209	INF
1210	INF
1211	INF
1212	INF
1213	INF
1214	INF
1215	INF
1216	INF
1217	INF
1218	INF
1219	INF
1220	INF
1221	INF
1222	INF
1223	INF
1224	INF
1225	INF
1226	INF
1227	INF
1228	INF
1229	INF
1230	INF
1231	INF
1232	INF
1233	INF
1234	INF
1235	INF
1236	INF
1237	INF
1238	INF
1239	INF
1240	INF
1241	INF
1242	INF
1243	INF
1244	INF
1245	INF
1246	INF
1247	INF
1248	INF
1249	INF
1250	INF
1251	INF
1252	INF
1253	INF
1254	INF
1255	INF
1256	INF
1257	INF
1258	INF
1259	INF
1260	INF
1261	INF
1262	INF
1263	INF
1264	INF
1265	INF
1266	INF
1267	INF
1268	INF
1269	INF
1270	INF
1271	INF
1272	INF
1273	INF
1274	INF
1275	INF
1276	INF
1277	INF
1278	INF
1279	INF
1280	INF
1281	INF
1282	INF
1283	INF
1284	INF
1285	INF
1286	INF
1287	INF
1288	INF
1289	INF
1290	INF
1291	INF
1292	INF
1293	INF
1294	INF
1295	INF
1296	INF
1297	INF
1298	INF
1299	INF
1300	INF
1301	INF
1302	INF
1303	INF
1304	INF
1305	INF
1306	INF
1307	INF
1308	INF
1309	INF
1310	INF
1311	INF
1312	INF
1313	INF
1314	INF
1315	INF
1316	INF
1317	INF
1318	INF
1319	INF
1320	INF
1321	INF
1322	INF
1323	INF
1324	INF
1325	INF
1326	INF
1327	INF
1328	INF
1329	INF
1330	INF
1331	INF
1332	INF
1333	INF
1334	INF
1335	INF
1336	INF
1337	INF
1338	INF
1339	INF
1340	INF
1341	INF
1342	INF
1343	INF
1344	INF
1345	INF
1346	INF
1347	INF
1348	INF
1349	INF
1350	INF
1351	INF
1352	INF
1353	INF
1354	INF
1355	INF
1356	INF
1357	INF
1358	INF
1359	INF
1360	INF
1361	INF
1362	INF
1363	INF
1364	INF
1365	INF
1366	INF
1367	INF
1368	INF
1369	INF
1370	INF
1371	INF
1372	INF
1373	INF
1374	INF
1375	INF
1376	INF
1377	INF
1378	INF
1379	INF
1380	INF
1381	INF
1382	INF
1383	INF
1384	INF
1385	INF
1386	INF
1387	INF
1388	INF
1389	INF
1390	INF
1391	INF
1392	INF
1393	INF
1394	INF
1395	INF
1396	INF
1397	INF
1398	INF
1399	INF
1400	INF
1401	INF
1402	INF
1403	INF
1404	INF
1405	INF
1406	INF
1407	INF
1408	INF
1409	INF
1410	INF
1411	INF
1412	INF
1413	INF
1414	INF
1415	INF
1416	INF
1417	INF
1418	INF
1419	INF
1420	INF
1421	INF
1422	INF
1423	INF
1424	INF
1425	INF
1426	INF
1427	INF
1428	INF
1429	INF
1430	INF
1431	INF
1432	INF
1433	INF
1434	INF
1435	INF
1436	INF
1437	INF
1438	INF
1439	INF
1440	INF
1441	INF
1442	INF
1443	INF
1444	INF
1445	INF
1446	INF
1447	INF
1448	INF
1449	INF
1450	INF
1451	INF
1452	INF
1453	INF
1454	INF
1455	INF
1456	INF
1457	INF
1458	INF
1459	INF
1460	INF
1461	INF
1462	INF
1463	INF
1464	INF
1465	INF
1466	INF
1467	INF
1468	INF
1469	INF
1470	INF
1471	INF
1472	INF
1473	INF
1474	INF
1475	INF
1476	INF
1477	INF
1478	INF
1479	INF
1480	INF
1481	INF
1482	INF
1483	INF
1484	INF
1485	INF
1486	INF
1487	INF
1488	INF
1489	INF
1490	INF
1491	INF
1492	INF
1493	INF
1494	INF
1495	INF
1496	INF
1497	INF
1498	INF
1499	INF
1500	INF
1501	INF
1502	INF
1503	INF
1504	INF
1505	INF
1506	INF
1507	INF
1508	INF
1509	INF
1510	INF
1511	INF
1512	INF
1513	INF
1514	INF
1515	INF
1516	INF
1517	INF
1518	INF
1519	INF
1520	INF
1521	INF
1522	INF
1523	INF
1524	INF
1525	INF
1526	INF
1527	INF
1528	INF
1529	INF
1530	INF
1531	INF
1532	INF
1533	INF
1534	INF
1535	INF
1536	INF
1537	INF
1538	INF
1539	INF
1540	INF
1541	INF
1542	INF
1543	INF
1544	INF
1545	INF
1546	INF
1547	INF
1548	INF
1549	INF
1550	INF
1551	INF
1552	INF
1553	INF
1554	INF
1555	INF
1556	INF
1557	INF
1558	INF
1559	INF
1560	INF
1561	INF
1562	INF
1563	INF
1564	INF
1565	INF
1566	INF
1567	INF
1568	INF
1569	INF
1570	INF
1571	INF
1572	INF
1573	INF
1574	INF
1575	INF
1576	INF
1577	INF
1578	INF
1579	INF
1580	INF
1581	INF
1582	INF
1583	INF
1584	INF
1585	INF
1586	INF
1587	INF
1588	INF
1589	INF
1590	INF
1591	INF
1592	INF
1593	INF
1594	INF
1595	INF
1596	INF
1597	INF
1598	INF
1599	INF
1600	INF
1601	INF
1602	INF
1603	INF
1604	INF
1605	INF
1606	INF
1607	INF
1608	INF
1609	INF
1610	INF
1611	INF
1612	INF
1613	INF
1614	INF
1615	INF
1616	INF
1617	INF
1618	INF
1619	INF
1620	INF
1621	INF
1622	INF
1623	INF
1624	INF
1625	INF
1626	INF
1627	INF
1628	INF
1629	INF
1630	INF
1631	INF
1632	INF
1633	INF
1634	INF
1635	INF
1636	INF
1637	INF
1638	INF
1639	INF
1640	INF
1641	INF
1642	INF
1643	INF
1644	INF
1645	INF
1646	INF
1647	INF
1648	INF
1649	INF
1650	INF
1651	INF
1652	INF
1653	INF
1654	INF
1655	INF
1656	INF
1657	INF
1658	INF
1659	INF
1660	INF
1661	INF
1662	INF
1663	INF
1664	INF
1665	INF
1666	INF
1667	INF
1668	INF
1669	INF
1670	INF
1671	INF
1672	INF
1673	INF
1674	INF
1675	INF
1676	INF
1677	INF
1678	INF
1679	INF
1680	INF
1681	INF
1682	INF
1683	INF
1684	INF
1685	INF
1686	INF
1687	INF
1688	INF
1689	INF
1690	INF
1691	INF
1692	INF
1693	INF
1694	INF
1695	INF
1696	INF
1697	INF
1698	INF
1699	INF
1700	INF
1701	INF
1702	INF
1703	INF
1704	INF
1705	INF
1706	INF
1707	INF
1708	INF
1709	INF
1710	INF
1711	INF
1712	INF
1713	INF
1714	INF
1715	INF
1716	INF
1717	INF
1718	INF
1719	INF
1720	INF
1721	INF
1722	INF
1723	INF
1724	INF
1725	INF
1726	INF
1727	INF
1728	INF
1729	INF
1730	INF
1731	INF
1732	INF
1733	INF
1734	INF
1735	INF
1736	INF
1737	INF
1738	INF
1739	INF
1740	INF
1741	INF
1742	INF
1743	INF
1744	INF
1745	INF
1746	INF
1747	INF
1748	INF
1749	INF
1750	INF
1751	INF
1752	INF
1753	INF
1754	INF
1755	INF
1756	INF
1757	INF
1758	INF
1759	INF
1760	INF
1761	INF
1762	INF
1763	INF
1764	INF
1765	INF
1766	INF
1767	INF
1768	INF
1769	INF
1770	INF
1771	INF
1772	INF
1773	INF
1774	INF
1775	INF
1776	INF
1777	INF
1778	INF
1779	INF
1780	INF
1781	INF
1782	INF
1783	INF
1784	INF
1785	INF
1786	INF
1787	INF
1788	INF
1789	INF
1790	INF
1791	INF
1792	INF
1793	INF
1794	INF
1795	INF
1796	INF
1797	INF
1798	INF
1799	INF
1800	INF
1801	INF
1802	INF
1803	INF
1804	INF
1805	INF
1806	INF
1807	INF
1808	INF
1809	INF
1810	INF
1811	INF
1812	INF
1813	INF
1814	INF
1815	INF
1816	INF
1817	INF
1818	INF
1819	INF
1820	INF
1821	INF
1822	INF
1823	INF
1824	INF
1825	INF
1826	INF
1827	INF
1828	INF
1829	INF
1830	INF
1831	INF
1832	INF
1833	INF
1834	INF
1835	INF
1836	INF
1837	INF
1838	INF
1839	INF
1840	INF
1841	INF
1842	INF
1843	INF
1844	INF
1845	INF
1846	INF
1847	INF
1848	INF
1849	INF
1850	INF
1851	INF
1852	INF
1853	INF
1854	INF
1855	INF
1856	INF
1857	INF
1858	INF
1859	INF
1860	INF
1861	INF
1862	INF
1863	INF
1864	INF
1865	INF
1866	INF
1867	INF
1868	INF
1869	INF
1870	INF
1871	INF
1872	INF
1873	INF
1874	INF
1875	INF
1876	INF
1877	INF
1878	INF
1879	INF
1880	INF
1881	INF
1882	INF
1883	INF
1884	INF
1885	INF
1886	INF
1887	INF
1888	INF
1889	INF
1890	INF
1891	INF
1892	INF
1893	INF
1894	INF
1895	INF
1896	INF
1897	INF
1898	INF
1899	INF
1900	INF
1901	INF
1902	INF
1903	INF
1904	INF
1905	INF
1906	INF
1907	INF
1908	INF
1909	INF
1910	INF
1911	INF
1912	INF
1913	INF
1914	INF
1915	INF
1916	INF
1917	INF
1918	INF
1919	INF
1920	INF
1921	INF
1922	INF
1923	INF
1924	INF
1925	INF
1926	INF
1927	INF
1928	INF
1929	INF
1930	INF
1931	INF
1932	INF
1933	INF
1934	INF
1935	INF
1936	INF
1937	INF
1938	INF
1939	INF
1940	INF
1941	INF
1942	INF
1943	INF
1944	INF
1945	INF
1946	INF
1947	INF
1948	INF
1949	INF
1950	INF
1951	INF
1952	INF
1953	INF
1954	INF
1955	INF
1956	INF
1957	INF
1958	INF
1959	INF
1960	INF
1961	INF
1962	INF
1963	INF
1964	INF
1965	INF
1966	INF
1967	INF
1968	INF
1969	INF
1970	INF
1971	INF
1972	INF
1973	INF
1974	INF
1975	INF
1976	INF
1977	INF
1978	INF
1979	INF
1980	INF
1981	INF
1982	INF
1983	INF
1984	INF
1985	INF
1986	INF
1987	INF
1988	INF
1989	INF
1990	INF
1991	INF
1992	INF
1993	INF
1994	INF
1995	INF
1996	INF
1997	INF
1998	INF
1999	INF
2000	INF
2001	INF
2002	INF
2003	INF
2004	INF
2005	INF
2006	INF
2007	INF
2008	INF
2009	INF
2010	INF
2011	INF
2012	INF
2013	INF
2014	INF
2015	INF
2016	INF
2017	INF
2018	INF
2019	INF
2020	INF
2021	INF
2022	INF
2023	INF
2024	INF
2025	INF
2026	INF
2027	INF
2028	INF
2029	INF
2030	INF
2031	INF
2032	INF
2033	INF
2034	INF
2035	INF
2036	INF
2037	INF
2038	INF
2039	INF
2040	INF
2041	INF
2042	INF
2043	INF
2044	INF
2045	INF
2046	INF
2047	INF
2048	INF
2049	INF
2050	INF
2051	INF
2052	INF
2053	INF
2054	INF
2055	INF
2056	INF
2057	INF
2058	INF
2059	INF
2060	INF
2061	INF
2062	INF
2063	INF
2064	INF
2065	INF
2066	INF
2067	INF
2068	INF
2069	INF
2070	INF
2071	INF
2072	INF
2073	INF
2074	INF
2075	INF
2076	INF
2077	INF
2078	INF
2079	INF
2080	INF
2081	INF
2082	INF
2083	INF
2084	INF
2085	INF
2086	INF
2087	INF
2088	INF
2089	INF
2090	INF
2091	INF
2092	INF
2093	INF
2094	INF
2095	INF
2096	INF
2097	INF
2098	INF
2099	INF
2100	INF
2101	INF
2102	INF
2103	INF
2104	INF
2105	INF
2106	INF
2107	INF
2108	INF
2109	INF
2110	INF
2111	INF
2112	INF
2113	INF
2114	INF
2115	INF
2116	INF
2117	INF
2118	INF
2119	INF
2120	INF
2121	INF
2122	INF
2123	INF
2124	INF
2125	INF
2126	INF
2127	INF
2128	INF
2129	INF
2130	INF
2131	INF
2132	INF
2133	INF
2134	INF
2135	INF
2136	INF
2137	INF
2138	INF
2139	INF
2140	INF
2141	INF
2142	INF
2143	INF
2144	INF
2145	INF
2146	INF
2147	INF
2148	INF
2149	INF
2150	INF
2151	INF
2152	INF
2153	INF
2154	INF
2155	INF
2156	INF
2157	INF
2158	INF
2159	INF
2160	INF
2161	INF
2162	INF
2163	INF
2164	INF
2165	INF
2166	INF
2167	INF
2168	INF
2169	INF
2170	INF
2171	INF
2172	INF
2173	INF
2174	INF
2175	INF
2176	INF
2177	INF
2178	INF
2179	INF
2180	INF
2181	INF
2182	INF
2183	INF
2184	INF
2185	INF
2186	INF
2187	INF
2188	INF
2189	INF
2190	INF
2191	INF
2192	INF
2193	INF
2194	INF
2195	INF
2196	INF
2197	INF
2198	INF
2199	INF
2200	INF
2201	INF
2202	INF
2203	INF
2204	INF
2205	INF
2206	INF
2207	INF
2208	INF
2209	INF
2210	INF
2211	INF
2212	INF
2213	INF
2214	INF
2215	INF
2216	INF
2217	INF
2218	INF
2219	INF
2220	INF
2221	INF
2222	INF
2223	INF
2224	INF
2225	INF
2226	INF
2227	INF
2228	INF
2229	INF
2230	INF
2231	INF
2232	INF
2233	INF
2234	INF
2235	INF
2236	INF
2237	INF
2238	INF
2239	INF
2240	INF
2241	INF
2242	INF
2243	INF
2244	INF
2245	INF
2246	INF
2247	INF
2248	INF
2249	INF
2250	INF
2251	INF
2252	INF
2253	INF
2254	INF
2255	INF
2256	INF
2257	INF
2258	INF
2259	INF
2260	INF
2261	INF
2262	INF
2263	INF
2264	INF
2265	INF
2266	INF
2267	INF
2268	INF
2269	INF
2270	INF
2271	INF
2272	INF
2273	INF
2274	INF
2275	INF
2276	INF
2277	INF
2278	INF
2279	INF
2280	INF
2281	INF
2282	INF
2283	INF
2284	INF
2285	INF
2286	INF
2287	INF
2288	INF
2289	INF
2290	INF
2291	INF
2292	INF
2293	INF
2294	INF
2295	INF
2296	INF
2297	INF
2298	INF
2299	INF
2300	INF
2301	INF
2302	INF
2303	INF
2304	INF
2305	INF
2306	INF
2307	INF
2308	INF
2309	INF
2310	INF
2311	INF
2312	INF
2313	INF
2314	INF
2315	INF
2316	INF
2317	INF
2318	INF
2319	INF
2320	INF
2321	INF
2322	INF
2323	INF
2324	INF
2325	INF
2326	INF
2327	INF
2328	INF
2329	INF
2330	INF
2331	INF
2332	INF
2333	INF
2334	INF
2335	INF
2336	INF
2337	INF
2338	INF
2339	INF
2340	INF
2341	INF
2342	INF
2343	INF
2344	INF
2345	INF
2346	INF
2347	INF
2348	INF
2349	INF
2350	INF
2351	INF
2352	INF
2353	INF
2354	INF
2355	INF
2356	INF
2357	INF
2358	INF
2359	INF
2360	INF
2361	INF
2362	INF
2363	INF
2364	INF
2365	INF
2366	INF
2367	INF
2368	INF
2369	INF
2370	INF
2371	INF
2372	INF
2373	INF
2374	INF
2375	INF
2376	INF
2377	INF
2378	INF
2379	INF
2380	INF
2381	INF
2382	INF
2383	INF
2384	INF
2385	INF
2386	INF
2387	INF
2388	INF
2389	INF
2390	INF
2391	INF
2392	INF
2393	INF
2394	INF
2395	INF
2396	INF
2397	INF
2398	INF
2399	INF
2400	INF
2401	INF
2402	INF
2403	INF
2404	INF
2405	INF
2406	INF
2407	INF
2408	INF
2409	INF
2410	INF
2411	INF
2412	INF
2413	INF
2414	INF
2415	INF
2416	INF
2417	INF
2418	INF
2419	INF
2420	INF
2421	INF
2422	INF
2423	INF
2424	INF
2425	INF
2426	INF
2427	INF
2428	INF
2429	INF
2430	INF
2431	INF
2432	INF
2433	INF
2434	INF
2435	INF
2436	INF
2437	INF
2438	INF
2439	INF
2440	INF
2441	INF
2442	INF
2443	INF
2444	INF
2445	INF
2446	INF
2447	INF
2448	INF
2449	INF
2450	INF
2451	INF
2452	INF
2453	INF
2454	INF
2455	INF
2456	INF
2457	INF
2458	INF
2459	INF
2460	INF
2461	INF
2462	INF
2463	INF
2464	INF
2465	INF
2466	INF
2467	INF
2468	INF
2469	INF
2470	INF
2471	INF
2472	INF
2473	INF
2474	INF
2475	INF
2476	INF
2477	INF
2478	INF
2479	INF
2480	INF
2481	INF
2482	INF
2483	INF
2484	INF
2485	INF
2486	INF
2487	INF
2488	INF
2489	INF
2490	INF
2491	INF
2492	INF
2493	INF
2494	INF
2495	INF
2496	INF
2497	INF
2498	INF
2499	INF
2500	INF
2501	INF
2502	INF
2503	INF
2504	INF
2505	INF
2506	INF
2507	INF
2508	INF
2509	INF
2510	INF
2511	INF
2512	INF
2513	INF
2514	INF
2515	INF
2516	INF
2517	INF
2518	INF
2519	INF
2520	INF
2521	INF
2522	INF
2523	INF
2524	INF
2525	INF
2526	INF
2527	INF
2528	INF
2529	INF
2530	INF
2531	INF
2532	INF
2533	INF
2534	INF
2535	INF
2536	INF
2537	INF
2538	INF
2539	INF
2540	INF
2541	INF
2542	INF
2543	INF
2544	INF
2545	INF
2546	INF
2547	INF
2548	INF
2549	INF
2550	INF
2551	INF
2552	INF
2553	INF
2554	INF
2555	INF
2556	INF
2557	INF
2558	INF
2559	INF
2560	INF
2561	INF
2562	INF
2563	INF
2564	INF
2565	INF
2566	INF
2567	INF
2568	INF
2569	INF
2570	INF
2571	INF
2572	INF
2573	INF
2574	INF
2575	INF
2576	INF
2577	INF
2578	INF
2579	INF
2580	INF
2581	INF
2582	INF
2583	INF
2584	INF
2585	INF
2586	INF
2587	INF
2588	INF
2589	INF
2590	INF
2591	INF
2592	INF
2593	INF
2594	INF
2595	INF
2596	INF
2597	INF
2598	INF
2599	INF
2600	INF
2601	INF
2602	INF
2603	INF
2604	INF
2605	INF
2606	INF
2607	INF
2608	INF
2609	INF
2610	INF
2611	INF
2612	INF
2613	INF
2614	INF
2615	INF
2616	INF
2617	INF
2618	INF
2619	INF
2620	INF
2621	INF
2622	INF
2623	INF
2624	INF
2625	INF
2626	INF
2627	INF
2628	INF
2629	INF
2630	INF
2631	INF
2632	INF
2633	INF
2634	INF
2635	INF
2636	INF
2637	INF
2638	INF
2639	INF
2640	INF
2641	INF
2642	INF
2643	INF
2644	INF
2645	INF
2646	INF
2647	INF
2648	INF
2649	INF
2650	INF
2651	INF
2652	INF
2653	INF
2654	INF
2655	INF
2656	INF
2657	INF
2658	INF
2659	INF
2660	INF
2661	INF
2662	INF
2663	INF
2664	INF
2665	INF
2666	INF
2667	INF
2668	INF
2669	INF
2670	INF
2671	INF
2672	INF
2673	INF
2674	INF
2675	INF
2676	INF
2677	INF
2678	INF
2679	INF
2680	INF
2681	INF
2682	INF
2683	INF
2684	INF
2685	INF
2686	INF
2687	INF
2688	INF
2689	INF
2690	INF
2691	INF
2692	INF
2693	INF
2694	INF
2695	INF
2696	INF
2697	INF
2698	INF
2699	INF
2700	INF
2701	INF
2702	INF
2703	INF
2704	INF
2705	INF
2706	INF
2707	INF
2708	INF
2709	INF
2710	INF
2711	INF
2712	INF
2713	INF
2714	INF
2715	INF
2716	INF
2717	INF
2718	INF
2719	INF
2720	INF
2721	INF
2722	INF
2723	INF
2724	INF
2725	INF
2726	INF
2727	INF
2728	INF
2729	INF
2730	INF
2731	INF
2732	INF
2733	INF
2734	INF
2735	INF
2736	INF
2737	INF
2738	INF
2739	INF
2740	INF
2741	INF
2742	INF
2743	INF
2744	INF
2745	INF
2746	INF
2747	INF
2748	INF
2749	INF
2750	INF
2751	INF
2752	INF
2753	INF
2754	INF
2755	INF
2756	INF
2757	INF
2758	INF
2759	INF
2760	INF
2761	INF
2762	INF
2763	INF
2764	INF
2765	INF
2766	INF
2767	INF
2768	INF
2769	INF
2770	INF
2771	INF
2772	INF
2773	INF
2774	INF
2775	INF
2776	INF
2777	INF
2778	INF
2779	INF
2780	INF
2781	INF
2782	INF
2783	INF
2784	INF
2785	INF
2786	INF
2787	INF
2788	INF
2789	INF
2790	INF
2791	INF
2792	INF
2793	INF
2794	INF
2795	INF
2796	INF
2797	INF
2798	INF
2799	INF
2800	INF
2801	INF
2802	INF
2803	INF
2804	INF
2805	INF
2806	INF
2807	INF
2808	INF
2809	INF
2810	INF
2811	INF
2812	INF
2813	INF
2814	INF
2815	INF
2816	INF
2817	INF
2818	INF
2819	INF
2820	INF
2821	INF
2822	INF
2823	INF
2824	INF
2825	INF
2826	INF
2827	INF
2828	INF
2829	INF
2830	INF
2831	INF
2832	INF
2833	INF
2834	INF
2835	INF
2836	INF
2837	INF
2838	INF
2839	INF
2840	INF
2841	INF
2842	INF
2843	INF
2844	INF
2845	INF
2846	INF
2847	INF
2848	INF
2849	INF
2850	INF
2851	INF
2852	INF
2853	INF
2854	INF
2855	INF
2856	INF
2857	INF
2858	INF
2859	INF
2860	INF
2861	INF
2862	INF
2863	INF
2864	INF
2865	INF
2866	INF
2867	INF
2868	INF
2869	INF
2870	INF
2871	INF
2872	INF
2873	INF
2874	INF
2875	INF
2876	INF
2877	INF
2878	INF
2879	INF
2880	INF
2881	INF
2882	INF
2883	INF
2884	INF
2885	INF
2886	INF
2887	INF
2888	INF
2889	INF
2890	INF
2891	INF
2892	INF
2893	INF
2894	INF
2895	INF
2896	INF
2897	INF
2898	INF
2899	INF
2900	INF
2901	INF
2902	INF
2903	INF
2904	INF
2905	INF
2906	INF
2907	INF
2908	INF
2909	INF
2910	INF
2911	INF
2912	INF
2913	INF
2914	INF
2915	INF
2916	INF
2917	INF
2918	INF
2919	INF
2920	INF
2921	INF
2922	INF
2923	INF
2924	INF
2925	INF
2926	INF
2927	INF
2928	INF
2929	INF
2930	INF
2931	INF
2932	INF
2933	INF
2934	INF
2935	INF
2936	INF
2937	INF
2938	INF
2939	INF
2940	INF
2941	INF
2942	INF
2943	INF
2944	INF
2945	INF
2946	INF
2947	INF
2948	INF
2949	INF
2950	INF
2951	INF
2952	INF
2953	INF
2954	INF
2955	INF
2956	INF
2957	INF
2958	INF
2959	INF
2960	INF
2961	INF
2962	INF
2963	INF
2964	INF
2965	INF
2966	INF
2967	INF
2968	INF
2969	INF
2970	INF
2971	INF
2972	INF
2973	INF
2974	INF
2975	INF
2976	INF
2977	INF
2978	INF
2979	INF
2980	INF
2981	INF
2982	INF
2983	INF
2984	INF
2985	INF
2986	INF
2987	INF
2988	INF
2989	INF
2990	INF
2991	INF
2992	INF
2993	INF
2994	INF
2995	INF
2996	INF
2997	INF
2998	INF
2999	INF
3000	INF
3001	INF
3002	INF
3003	INF
3004	INF
3005	INF
3006	INF
3007	INF
3008	INF
3009	INF
3010	INF
3011	INF
3012	INF
3013	INF
3014	INF
3015	INF
3016	INF
3017	INF
3018	INF
3019	INF
3020	INF
3021	INF
3022	INF
3023	INF
3024	INF
3025	INF
3026	INF
3027	INF
3028	INF
3029	INF
3030	INF
3031	INF
3032	INF
3033	INF
3034	INF
3035	INF
3036	INF
3037	INF
3038	INF
3039	INF
3040	INF
3041	INF
3042	INF
3043	INF
3044	INF
3045	INF
3046	INF
3047	INF
3048	INF
3049	INF
3050	INF
3051	INF
3052	INF
3053	INF
3054	INF
3055	INF
3056	INF
3057	INF
3058	INF
3059	INF
3060	INF
3061	INF
3062	INF
3063	INF
3064	INF
3065	INF
3066	INF
3067	INF
3068	INF
3069	INF
3070	INF
3071	INF
3072	INF
3073	INF
3074	INF
3075	INF
3076	INF
3077	INF
3078	INF
3079	INF
3080	INF
3081	INF
3082	INF
3083	INF
3084	INF
3085	INF
3086	INF
3087	INF
3088	INF
3089	INF
3090	INF
3091	INF
3092	INF
3093	INF
3094	INF
3095	INF
3096	INF
3097	INF
3098	INF
3099	INF
3100	INF
3101	INF
3102	INF
3103	INF
3104	INF
3105	INF
3106	INF
3107	INF
3108	INF
3109	INF
3110	INF
3111	INF
3112	INF
3113	INF
3114	INF
3115	INF
3116	INF
3117	INF
3118	INF
3119	INF
3120	INF
3121	INF
3122	INF
3123	INF
3124	INF
3125	INF
3126	INF
3127	INF
3128	INF
3129	INF
3130	INF
3131	INF
3132	INF
3133	INF
3134	INF
3135	INF
3136	INF
3137	INF
3138	INF
3139	INF
3140	INF
3141	INF
3142	INF
3143	INF
3144	INF
3145	INF
3146	INF
3147	INF
3148	INF
3149	INF
3150	INF
3151	INF
3152	INF
3153	INF
3154	INF
3155	INF
3156	INF
3157	INF
3158	INF
3159	INF
3160	INF
3161	INF
3162	INF
3163	INF
3164	INF
3165	INF
3166	INF
3167	INF
3168	INF
3169	INF
3170	INF
3171	INF
3172	INF
3173	INF
3174	INF
3175	INF
3176	INF
3177	INF
3178	INF
3179	INF
3180	INF
3181	INF
3182	INF
3183	INF
3184	INF
3185	INF
3186	INF
3187	INF
3188	INF
3189	INF
3190	INF
3191	INF
3192	INF
3193	INF
3194	INF
3195	INF
3196	INF
3197	INF
3198	INF
3199	INF
3200	INF
3201	INF
3202	INF
3203	INF
3204	INF
3205	INF
3206	INF
3207	INF
3208	INF
3209	INF
3210	INF
3211	INF
3212	INF
3213	INF
3214	INF
3215	INF
3216	INF
3217	INF
3218	INF
3219	INF
3220	INF
3221	INF
3222	INF
3223	INF
3224	INF
3225	INF
3226	INF
3227	INF
3228	INF
3229	INF
3230	INF
3231	INF
3232	INF
3233	INF
3234	INF
3235	INF
3236	INF
3237	INF
3238	INF
3239	INF
3240	INF
3241	INF
3242	INF
3243	INF
3244	INF
3245	INF
3246	INF
3247	INF
3248	INF
3249	INF
3250	INF
3251	INF
3252	INF
3253	INF
3254	INF
3255	INF
3256	INF
3257	INF
3258	INF
3259	INF
3260	INF
3261	INF
3262	INF
3263	INF
3264	INF
3265	INF
3266	INF
3267	INF
3268	INF
3269	INF
3270	INF
3271	INF
3272	INF
3273	INF
3274	INF
3275	INF
3276	INF
3277	INF
3278	INF
3279	INF
3280	INF
3281	INF
3282	INF
3283	INF
3284	INF
3285	INF
3286	INF
3287	INF
3288	INF
3289	INF
3290	INF
3291	INF
3292	INF
3293	INF
3294	INF
3295	INF
3296	INF
3297	INF
3298	INF
3299	INF
3300	INF
3301	INF
3302	INF
3303	INF
3304	INF
3305	INF
3306	INF
3307	INF
3308	INF
3309	INF
3310	INF
3311	INF
3312	INF
3313	INF
3314	INF
3315	INF
3316	INF
3317	INF
3318	INF
3319	INF
3320	INF
3321	INF
3322	INF
3323	INF
3324	INF
3325	INF
3326	INF
3327	INF
3328	INF
3329	INF
3330	INF
3331	INF
3332	INF
3333	INF
3334	INF
3335	INF
3336	INF
3337	INF
3338	INF
3339	INF
3340	INF
3341	INF
3342	INF
3343	INF
3344	INF
3345	INF
3346	INF
3347	INF
3348	INF
3349	INF
3350	INF
3351	INF
3352	INF
3353	INF
3354	INF
3355	INF
3356	INF
3357	INF
3358	INF
3359	INF
3360	INF
3361	INF
3362	INF
3363	INF
3364	INF
3365	INF
3366	INF
3367	INF
3368	INF
3369	INF
3370	INF
3371	INF
3372	INF
3373	INF
3374	INF
3375	INF
3376	INF
3377	INF
3378	INF
3379	INF
3380	INF
3381	INF
3382	INF
3383	INF
3384	INF
3385	INF
3386	INF
3387	INF
3388	INF
3389	INF
3390	INF
3391	INF
3392	INF
3393	INF
3394	INF
3395	INF
3396	INF
3397	INF
3398	INF
3399	INF
3400	INF
3401	INF
3402	INF
3403	INF
3404	INF
3405	INF
3406	INF
3407	INF
3408	INF
3409	INF
3410	INF
3411	INF
3412	INF
3413	INF
3414	INF
3415	INF
3416	INF
3417	INF
3418	INF
3419	INF
3420	INF
3421	INF
3422	INF
3423	INF
3424	INF
3425	INF
3426	INF
3427	INF
3428	INF
3429	INF
3430	INF
3431	INF
3432	INF
3433	INF
3434	INF
3435	INF
3436	INF
3437	INF
3438	INF
3439	INF
3440	INF
3441	INF
3442	INF
3443	INF
3444	INF
3445	INF
3446	INF
3447	INF
3448	INF
3449	INF
3450	INF
3451	INF
3452	INF
3453	INF
3454	INF
3455	INF
3456	INF
3457	INF
3458	INF
3459	INF
3460	INF
3461	INF
3462	INF
3463	INF
3464	INF
3465	INF
3466	INF
3467	INF
3468	INF
3469	INF
3470	INF
3471	INF
3472	INF
3473	INF
3474	INF
3475	INF
3476	INF
3477	INF
3478	INF
3479	INF
3480	INF
3481	INF
3482	INF
3483	INF
3484	INF
3485	INF
3486	INF
3487	INF
3488	INF
3489	INF
3490	INF
3491	INF
3492	INF
3493	INF
3494	INF
3495	INF
3496	INF
3497	INF
3498	INF
3499	INF
3500	INF
3501	INF
3502	INF
3503	INF
3504	INF
3505	INF
3506	INF
3507	INF
3508	INF
3509	INF
3510	INF
3511	INF
3512	INF
3513	INF
3514	INF
3515	INF
3516	INF
3517	INF
3518	INF
3519	INF
3520	INF
3521	INF
3522	INF
3523	INF
3524	INF
3525	INF
3526	INF
3527	INF
3528	INF
3529	INF
3530	INF
3531	INF
3532	INF
3533	INF
3534	INF
3535	INF
3536	INF
3537	INF
3538	INF
3539	INF
3540	INF
3541	INF
3542	INF
3543	INF
3544	INF
3545	INF
3546	INF
3547	INF
3548	INF
3549	INF
3550	INF
3551	INF
3552	INF
3553	INF
3554	INF
3555	INF
3556	INF
3557	INF
3558	INF
3559	INF
3560	INF
3561	INF
3562	INF
3563	INF
3564	INF
3565	INF
3566	INF
3567	INF
3568	INF
3569	INF
3570	INF
3571	INF
3572	INF
3573	INF
3574	INF
3575	INF
3576	INF
3577	INF
3578	INF
3579	INF
3580	INF
3581	INF
3582	INF
3583	INF
3584	INF
3585	INF
3586	INF
3587	INF
3588	INF
3589	INF
3590	INF
3591	INF
3592	INF
3593	INF
3594	INF
3595	INF
3596	INF
3597	INF
3598	INF
3599	INF
3600	INF
3601	INF
3602	INF
3603	INF
3604	INF
3605	INF
3606	INF
3607	INF
3608	INF
3609	INF
3610	INF
3611	INF
3612	INF
3613	INF
3614	INF
3615	INF
3616	INF
3617	INF
3618	INF
3619	INF
3620	INF
3621	INF
3622	INF
3623	INF
3624	INF
3625	INF
3626	INF
3627	INF
3628	INF
3629	INF
3630	INF
3631	INF
3632	INF
3633	INF
3634	INF
3635	INF
3636	INF
3637	INF
3638	INF
3639	INF
3640	INF
3641	INF
3642	INF
3643	INF
3644	INF
3645	INF
3646	INF
3647	INF
3648	INF
3649	INF
3650	INF
3651	INF
3652	INF
3653	INF
3654	INF
3655	INF
3656	INF
3657	INF
3658	INF
3659	INF
3660	INF
3661	INF
3662	INF
3663	INF
3664	INF
3665	INF
3666	INF
3667	INF
3668	INF
3669	INF
3670	INF
3671	INF
3672	INF
3673	INF
3674	INF
3675	INF
3676	INF
3677	INF
3678	INF
3679	INF
3680	INF
3681	INF
3682	INF
3683	INF
3684	INF
3685	INF
3686	INF
3687	INF
3688	INF
3689	INF
3690	INF
3691	INF
3692	INF
3693	INF
3694	INF
3695	INF
3696	INF
3697	INF
3698	INF
3699	INF
3700	INF
3701	INF
3702	INF
3703	INF
3704	INF
3705	INF
3706	INF
3707	INF
3708	INF
3709	INF
3710	INF
3711	INF
3712	INF
3713	INF
3714	INF
3715	INF
3716	INF
3717	INF
3718	INF
3719	INF
3720	INF
3721	INF
3722	INF
3723	INF
3724	INF
3725	INF
3726	INF
3727	INF
3728	INF
3729	INF
3730	INF
3731	INF
3732	INF
3733	INF
3734	INF
3735	INF
3736	INF
3737	INF
3738	INF
3739	INF
3740	INF
3741	INF
3742	INF
3743	INF
3744	INF
3745	INF
3746	INF
3747	INF
3748	INF
3749	INF
3750	INF
3751	INF
3752	INF
3753	INF
3754	INF
3755	INF
3756	INF
3757	INF
3758	INF
3759	INF
3760	INF
3761	INF
3762	INF
3763	INF
3764	INF
3765	INF
3766	INF
3767	INF
3768	INF
3769	INF
3770	INF
3771	INF
3772	INF
3773	INF
3774	INF
3775	INF
3776	INF
3777	INF
3778	INF
3779	INF
3780	INF
3781	INF
3782	INF
3783	INF
3784	INF
3785	INF
3786	INF
3787	INF
3788	INF
3789	INF
3790	INF
3791	INF
3792	INF
3793	INF
3794	INF
3795	INF
3796	INF
3797	INF
3798	INF
3799	INF
3800	INF
3801	INF
3802	INF
3803	INF
3804	INF
3805	INF
3806	INF
3807	INF
3808	INF
3809	INF
3810	INF
3811	INF
3812	INF
3813	INF
3814	INF
3815	INF
3816	INF
3817	INF
3818	INF
3819	INF
3820	INF
3821	INF
3822	INF
3823	INF
3824	INF
3825	INF
3826	INF
3827	INF
3828	INF
3829	INF
3830	INF
3831	INF
3832	INF
3833	INF
3834	INF
3835	INF
3836	INF
3837	INF
3838	INF
3839	INF
3840	INF
3841	INF
3842	INF
3843	INF
3844	INF
3845	INF
3846	INF
3847	INF
3848	INF
3849	INF
3850	INF
3851	INF
3852	INF
3853	INF
3854	INF
3855	INF
3856	INF
3857	INF
3858	INF
3859	INF
3860	INF
3861	INF
3862	INF
3863	INF
3864	INF
3865	INF
3866	INF
3867	INF
3868	INF
3869	INF
3870	INF
3871	INF
3872	INF
3873	INF
3874	INF
3875	INF
3876	INF
3877	INF
3878	INF
3879	INF
3880	INF
3881	INF
3882	INF
3883	INF
3884	INF
3885	INF
3886	INF
3887	INF
3888	INF
3889	INF
3890	INF
3891	INF
3892	INF
3893	INF
3894	INF
3895	INF
3896	INF
3897	INF
3898	INF
3899	INF
3900	INF
3901	INF
3902	INF
3903	INF
3904	INF
3905	INF
3906	INF
3907	INF
3908	INF
3909	INF
3910	INF
3911	INF
3912	INF
3913	INF
3914	INF
3915	INF
3916	INF
3917	INF
3918	INF
3919	INF
3920	INF
3921	INF
3922	INF
3923	INF
3924	INF
3925	INF
3926	INF
3927	INF
3928	INF
3929	INF
3930	INF
3931	INF
3932	INF
3933	INF
3934	INF
3935	INF
3936	INF
3937	INF
3938	INF
3939	INF
3940	INF
3941	INF
3942	INF
3943	INF
3944	INF
3945	INF
3946	INF
3947	INF
3948	INF
3949	INF
3950	INF
3951	INF
3952	INF
3953	INF
3954	INF
3955	INF
3956	INF
3957	INF
3958	INF
3959	INF
3960	INF
3961	INF
3962	INF
3963	INF
3964	INF
3965	INF
3966	INF
3967	INF
3968	INF
3969	INF
3970	INF
3971	INF
3972	INF
3973	INF
3974	INF
3975	INF
3976	INF
3977	INF
3978	INF
3979	INF
3980	INF
3981	INF
3982	INF
3983	INF
3984	INF
3985	INF
3986	INF
3987	INF
3988	INF
3989	INF
3990	INF
3991	INF
3992	INF
3993	INF
3994	INF
3995	INF
3996	INF
3997	INF
3998	INF
3999	INF
4000	INF
4001	INF
4002	INF
4003	INF
4004	INF
4005	INF
4006	INF
4007	INF
4008	INF
4009	INF
4010	INF
4011	INF
4012	INF
4013	INF
4014	INF
4015	INF
4016	INF
4017	INF
4018	INF
4019	INF
4020	INF
4021	INF
4022	INF
4023	INF
4024	INF
4025	INF
4026	INF
4027	INF
4028	INF
4029	INF
4030	INF
4031	INF
4032	INF
4033	INF
4034	INF
4035	INF
4036	INF
4037	INF
4038	INF
4039	INF
4040	INF
4041	INF
4042	INF
4043	INF
4044	INF
4045	INF
4046	INF
4047	INF
4048	INF
4049	INF
4050	INF
4051	INF
4052	INF
4053	INF
4054	INF
4055	INF
4056	INF
4057	INF
4058	INF
4059	INF
4060	INF
4061	INF
4062	INF
4063	INF
4064	INF
4065	INF
4066	INF
4067	INF
4068	INF
4069	INF
4070	INF
4071	INF
4072	INF
4073	INF
4074	INF
4075	INF
4076	INF
4077	INF
4078	INF
4079	INF
4080	INF
4081	INF
4082	INF
4083	INF
4084	INF
4085	INF
4086	INF
4087	INF
4088	INF
4089	INF
4090	INF
4091	INF
4092	INF
4093	INF
4094	INF
4095	INF
