source	compute_unit	kernel	module	ff	lut	dsp	bram	uram	is_top_module
/data/tmp/chuxiao/grasu_regraph_k4shared_fullpr_hw_bb2bd3b_20260805/reports/bin_search/bin_search/system_estimate_bin_search.hw.xtxt	bin_search_1	bin_search	bin_search_Pipeline_VITIS_LOOP_218_2	458	734	0	0	0	no
/data/tmp/chuxiao/grasu_regraph_k4shared_fullpr_hw_bb2bd3b_20260805/reports/bin_search/bin_search/system_estimate_bin_search.hw.xtxt	bin_search_1	bin_search	bin_search	3286	4937	0	4	0	yes
/data/tmp/chuxiao/grasu_regraph_k4shared_fullpr_hw_bb2bd3b_20260805/reports/dispatch_degree/dispatch_degree/system_estimate_dispatch_degree.hw.xtxt	dispatch_degree_1	dispatch_degree	dispatch_degree_Pipeline_dispatch_loop	220	369	0	0	0	no
/data/tmp/chuxiao/grasu_regraph_k4shared_fullpr_hw_bb2bd3b_20260805/reports/dispatch_degree/dispatch_degree/system_estimate_dispatch_degree.hw.xtxt	dispatch_degree_1	dispatch_degree	dispatch_degree	304	960	0	0	0	yes
/data/tmp/chuxiao/grasu_regraph_k4shared_fullpr_hw_bb2bd3b_20260805/reports/link/link/system_estimate_grasu_regraph_full_pagerank.hw.xtxt	bin_search_1	bin_search	bin_search_Pipeline_VITIS_LOOP_218_2	458	734	0	0	0	no
/data/tmp/chuxiao/grasu_regraph_k4shared_fullpr_hw_bb2bd3b_20260805/reports/link/link/system_estimate_grasu_regraph_full_pagerank.hw.xtxt	bin_search_1	bin_search	bin_search	3286	4937	0	4	0	yes
/data/tmp/chuxiao/grasu_regraph_k4shared_fullpr_hw_bb2bd3b_20260805/reports/link/link/system_estimate_grasu_regraph_full_pagerank.hw.xtxt	bin_search_2	bin_search	bin_search_Pipeline_VITIS_LOOP_218_2	458	734	0	0	0	no
/data/tmp/chuxiao/grasu_regraph_k4shared_fullpr_hw_bb2bd3b_20260805/reports/link/link/system_estimate_grasu_regraph_full_pagerank.hw.xtxt	bin_search_2	bin_search	bin_search	3286	4937	0	4	0	yes
/data/tmp/chuxiao/grasu_regraph_k4shared_fullpr_hw_bb2bd3b_20260805/reports/link/link/system_estimate_grasu_regraph_full_pagerank.hw.xtxt	bin_search_3	bin_search	bin_search_Pipeline_VITIS_LOOP_218_2	458	734	0	0	0	no
/data/tmp/chuxiao/grasu_regraph_k4shared_fullpr_hw_bb2bd3b_20260805/reports/link/link/system_estimate_grasu_regraph_full_pagerank.hw.xtxt	bin_search_3	bin_search	bin_search	3286	4937	0	4	0	yes
/data/tmp/chuxiao/grasu_regraph_k4shared_fullpr_hw_bb2bd3b_20260805/reports/link/link/system_estimate_grasu_regraph_full_pagerank.hw.xtxt	bin_search_4	bin_search	bin_search_Pipeline_VITIS_LOOP_218_2	458	734	0	0	0	no
/data/tmp/chuxiao/grasu_regraph_k4shared_fullpr_hw_bb2bd3b_20260805/reports/link/link/system_estimate_grasu_regraph_full_pagerank.hw.xtxt	bin_search_4	bin_search	bin_search	3286	4937	0	4	0	yes
/data/tmp/chuxiao/grasu_regraph_k4shared_fullpr_hw_bb2bd3b_20260805/reports/link/link/system_estimate_grasu_regraph_full_pagerank.hw.xtxt	dispatch_degree_1	dispatch_degree	dispatch_degree_Pipeline_dispatch_loop	220	369	0	0	0	no
/data/tmp/chuxiao/grasu_regraph_k4shared_fullpr_hw_bb2bd3b_20260805/reports/link/link/system_estimate_grasu_regraph_full_pagerank.hw.xtxt	dispatch_degree_1	dispatch_degree	dispatch_degree	304	960	0	0	0	yes
/data/tmp/chuxiao/grasu_regraph_k4shared_fullpr_hw_bb2bd3b_20260805/reports/link/link/system_estimate_grasu_regraph_full_pagerank.hw.xtxt	process_cache_1	process_cache	process_cache	6935	15366	0	30	0	yes
/data/tmp/chuxiao/grasu_regraph_k4shared_fullpr_hw_bb2bd3b_20260805/reports/link/link/system_estimate_grasu_regraph_full_pagerank.hw.xtxt	process_cache_2	process_cache	process_cache	6935	15366	0	30	0	yes
/data/tmp/chuxiao/grasu_regraph_k4shared_fullpr_hw_bb2bd3b_20260805/reports/link/link/system_estimate_grasu_regraph_full_pagerank.hw.xtxt	process_ddr_1	process_ddr	process_ddr_Pipeline_dispatch_loop	104	492	0	0	0	no
/data/tmp/chuxiao/grasu_regraph_k4shared_fullpr_hw_bb2bd3b_20260805/reports/link/link/system_estimate_grasu_regraph_full_pagerank.hw.xtxt	process_ddr_1	process_ddr	process_Pipeline_process_ddr_sub_loop	401	12835	0	0	0	no
/data/tmp/chuxiao/grasu_regraph_k4shared_fullpr_hw_bb2bd3b_20260805/reports/link/link/system_estimate_grasu_regraph_full_pagerank.hw.xtxt	process_ddr_1	process_ddr	process_r	507	13072	0	0	0	no
/data/tmp/chuxiao/grasu_regraph_k4shared_fullpr_hw_bb2bd3b_20260805/reports/link/link/system_estimate_grasu_regraph_full_pagerank.hw.xtxt	process_ddr_1	process_ddr	process_ddr	17045	37881	0	60	0	yes
/data/tmp/chuxiao/grasu_regraph_k4shared_fullpr_hw_bb2bd3b_20260805/reports/link/link/system_estimate_grasu_regraph_full_pagerank.hw.xtxt	process_ddr_2	process_ddr	process_ddr_Pipeline_dispatch_loop	104	492	0	0	0	no
/data/tmp/chuxiao/grasu_regraph_k4shared_fullpr_hw_bb2bd3b_20260805/reports/link/link/system_estimate_grasu_regraph_full_pagerank.hw.xtxt	process_ddr_2	process_ddr	process_Pipeline_process_ddr_sub_loop	401	12835	0	0	0	no
/data/tmp/chuxiao/grasu_regraph_k4shared_fullpr_hw_bb2bd3b_20260805/reports/link/link/system_estimate_grasu_regraph_full_pagerank.hw.xtxt	process_ddr_2	process_ddr	process_r	507	13072	0	0	0	no
/data/tmp/chuxiao/grasu_regraph_k4shared_fullpr_hw_bb2bd3b_20260805/reports/link/link/system_estimate_grasu_regraph_full_pagerank.hw.xtxt	process_ddr_2	process_ddr	process_ddr	17045	37881	0	60	0	yes
/data/tmp/chuxiao/grasu_regraph_k4shared_fullpr_hw_bb2bd3b_20260805/reports/link/link/system_estimate_grasu_regraph_full_pagerank.hw.xtxt	grasu_degree_update_1	grasu_degree_update	grasu_degree_update_Pipeline_update_loop	640	2021	0	0	0	no
/data/tmp/chuxiao/grasu_regraph_k4shared_fullpr_hw_bb2bd3b_20260805/reports/link/link/system_estimate_grasu_regraph_full_pagerank.hw.xtxt	grasu_degree_update_1	grasu_degree_update	grasu_degree_update	2161	4115	0	4	0	yes
/data/tmp/chuxiao/grasu_regraph_k4shared_fullpr_hw_bb2bd3b_20260805/reports/link/link/system_estimate_grasu_regraph_full_pagerank.hw.xtxt	pma_to_regraph_adapter_1	pma_to_regraph_adapter	pma_to_regraph_adapter_Pipeline_segment_loop	6127	8593	0	0	0	no
/data/tmp/chuxiao/grasu_regraph_k4shared_fullpr_hw_bb2bd3b_20260805/reports/link/link/system_estimate_grasu_regraph_full_pagerank.hw.xtxt	pma_to_regraph_adapter_1	pma_to_regraph_adapter	pma_to_regraph_adapter	18643	24164	0	60	0	yes
/data/tmp/chuxiao/grasu_regraph_k4shared_fullpr_hw_bb2bd3b_20260805/reports/link/link/system_estimate_grasu_regraph_full_pagerank.hw.xtxt	lksg_stream_1	lksg_stream	entry_proc	3	29	0	0	0	no
/data/tmp/chuxiao/grasu_regraph_k4shared_fullpr_hw_bb2bd3b_20260805/reports/link/link/system_estimate_grasu_regraph_full_pagerank.hw.xtxt	lksg_stream_1	lksg_stream	Block_entry_split_proc	52	47	0	0	0	no
/data/tmp/chuxiao/grasu_regraph_k4shared_fullpr_hw_bb2bd3b_20260805/reports/link/link/system_estimate_grasu_regraph_full_pagerank.hw.xtxt	lksg_stream_1	lksg_stream	Loop_read_stream_edges_proc	448	350	0	0	0	no
/data/tmp/chuxiao/grasu_regraph_k4shared_fullpr_hw_bb2bd3b_20260805/reports/link/link/system_estimate_grasu_regraph_full_pagerank.hw.xtxt	lksg_stream_1	lksg_stream	stream2axistream_ppbRequest_axis_s	4	48	0	0	0	no
/data/tmp/chuxiao/grasu_regraph_k4shared_fullpr_hw_bb2bd3b_20260805/reports/link/link/system_estimate_grasu_regraph_full_pagerank.hw.xtxt	lksg_stream_1	lksg_stream	axistream2stream_axis_ppbResponse_s	2	29	0	0	0	no
/data/tmp/chuxiao/grasu_regraph_k4shared_fullpr_hw_bb2bd3b_20260805/reports/link/link/system_estimate_grasu_regraph_full_pagerank.hw.xtxt	lksg_stream_1	lksg_stream	accScatter_Pipeline_scatterLoop	945	17833	0	128	0	no
/data/tmp/chuxiao/grasu_regraph_k4shared_fullpr_hw_bb2bd3b_20260805/reports/link/link/system_estimate_grasu_regraph_full_pagerank.hw.xtxt	lksg_stream_1	lksg_stream	accScatter_Pipeline_exitscatter	2	20	0	0	0	no
/data/tmp/chuxiao/grasu_regraph_k4shared_fullpr_hw_bb2bd3b_20260805/reports/link/link/system_estimate_grasu_regraph_full_pagerank.hw.xtxt	lksg_stream_1	lksg_stream	accScatter	985	17978	0	128	0	no
/data/tmp/chuxiao/grasu_regraph_k4shared_fullpr_hw_bb2bd3b_20260805/reports/link/link/system_estimate_grasu_regraph_full_pagerank.hw.xtxt	lksg_stream_1	lksg_stream	accGather_Pipeline_initDstTmpProp	18	74	0	0	0	no
/data/tmp/chuxiao/grasu_regraph_k4shared_fullpr_hw_bb2bd3b_20260805/reports/link/link/system_estimate_grasu_regraph_full_pagerank.hw.xtxt	lksg_stream_1	lksg_stream	accGather_Pipeline_gatherLoop	9554	9329	0	0	0	no
/data/tmp/chuxiao/grasu_regraph_k4shared_fullpr_hw_bb2bd3b_20260805/reports/link/link/system_estimate_grasu_regraph_full_pagerank.hw.xtxt	lksg_stream_1	lksg_stream	accGather_Pipeline_tmpPropWriteToStream	139	161	0	0	0	no
/data/tmp/chuxiao/grasu_regraph_k4shared_fullpr_hw_bb2bd3b_20260805/reports/link/link/system_estimate_grasu_regraph_full_pagerank.hw.xtxt	lksg_stream_1	lksg_stream	accGather	9833	12736	0	0	64	no
/data/tmp/chuxiao/grasu_regraph_k4shared_fullpr_hw_bb2bd3b_20260805/reports/link/link/system_estimate_grasu_regraph_full_pagerank.hw.xtxt	lksg_stream_1	lksg_stream	mergeWriteResults	5603	4131	0	0	0	no
/data/tmp/chuxiao/grasu_regraph_k4shared_fullpr_hw_bb2bd3b_20260805/reports/link/link/system_estimate_grasu_regraph_full_pagerank.hw.xtxt	lksg_stream_1	lksg_stream	lksg_stream	23562	39535	0	128	64	yes
/data/tmp/chuxiao/grasu_regraph_k4shared_fullpr_hw_bb2bd3b_20260805/reports/link/link/system_estimate_grasu_regraph_full_pagerank.hw.xtxt	kernelLittleGSMerger_1	kernelLittleGSMerger	merge_tmp_prop_little_krnls	1213	6554	0	0	0	no
/data/tmp/chuxiao/grasu_regraph_k4shared_fullpr_hw_bb2bd3b_20260805/reports/link/link/system_estimate_grasu_regraph_full_pagerank.hw.xtxt	kernelLittleGSMerger_1	kernelLittleGSMerger	kernelLittleGSMerger	1216	6554	0	0	0	yes
/data/tmp/chuxiao/grasu_regraph_k4shared_fullpr_hw_bb2bd3b_20260805/reports/link/link/system_estimate_grasu_regraph_full_pagerank.hw.xtxt	regraph_pagerank_apply_1	regraph_pagerank_apply	regraph_pagerank_apply_Pipeline_apply_bursts	152340	30144	0	0	0	no
/data/tmp/chuxiao/grasu_regraph_k4shared_fullpr_hw_bb2bd3b_20260805/reports/link/link/system_estimate_grasu_regraph_full_pagerank.hw.xtxt	regraph_pagerank_apply_1	regraph_pagerank_apply	regraph_pagerank_apply_Pipeline_reduce_stats_VITIS_LOOP_205_2	186	2541	0	0	0	no
/data/tmp/chuxiao/grasu_regraph_k4shared_fullpr_hw_bb2bd3b_20260805/reports/link/link/system_estimate_grasu_regraph_full_pagerank.hw.xtxt	regraph_pagerank_apply_1	regraph_pagerank_apply	regraph_pagerank_apply	160650	40225	0	60	0	yes
/data/tmp/chuxiao/grasu_regraph_k4shared_fullpr_hw_bb2bd3b_20260805/reports/link/link/system_estimate_grasu_regraph_full_pagerank.hw.xtxt	pr_source_1	regraph_pagerank_source_prepare	regraph_pagerank_source_prepare_Pipeline_prepare_bursts	37293	13647	0	0	0	no
/data/tmp/chuxiao/grasu_regraph_k4shared_fullpr_hw_bb2bd3b_20260805/reports/link/link/system_estimate_grasu_regraph_full_pagerank.hw.xtxt	pr_source_1	regraph_pagerank_source_prepare	regraph_pagerank_source_prepare_Pipeline_reduce_stats_VITIS_LOOP_165_2	120	1724	0	0	0	no
/data/tmp/chuxiao/grasu_regraph_k4shared_fullpr_hw_bb2bd3b_20260805/reports/link/link/system_estimate_grasu_regraph_full_pagerank.hw.xtxt	pr_source_1	regraph_pagerank_source_prepare	regraph_pagerank_source_prepare	49551	26779	0	75	0	yes
/data/tmp/chuxiao/grasu_regraph_k4shared_fullpr_hw_bb2bd3b_20260805/reports/link/link/system_estimate_grasu_regraph_full_pagerank.hw.xtxt	kernelHBMWrapper_1	kernelHBMWrapper	littleKernelReadMemory_0_s	2019	5027	0	0	0	no
/data/tmp/chuxiao/grasu_regraph_k4shared_fullpr_hw_bb2bd3b_20260805/reports/link/link/system_estimate_grasu_regraph_full_pagerank.hw.xtxt	kernelHBMWrapper_1	kernelHBMWrapper	write_out	1347	344	0	0	0	no
/data/tmp/chuxiao/grasu_regraph_k4shared_fullpr_hw_bb2bd3b_20260805/reports/link/link/system_estimate_grasu_regraph_full_pagerank.hw.xtxt	kernelHBMWrapper_1	kernelHBMWrapper	kernelHBMWrapper	9732	10888	0	45	0	yes
/data/tmp/chuxiao/grasu_regraph_k4shared_fullpr_hw_bb2bd3b_20260805/reports/pma_to_regraph_adapter/pma_to_regraph_adapter/system_estimate_pma_to_regraph_adapter.hw.xtxt	pma_to_regraph_adapter_1	pma_to_regraph_adapter	pma_to_regraph_adapter_Pipeline_segment_loop	6127	8593	0	0	0	no
/data/tmp/chuxiao/grasu_regraph_k4shared_fullpr_hw_bb2bd3b_20260805/reports/pma_to_regraph_adapter/pma_to_regraph_adapter/system_estimate_pma_to_regraph_adapter.hw.xtxt	pma_to_regraph_adapter_1	pma_to_regraph_adapter	pma_to_regraph_adapter	18643	24164	0	60	0	yes
