role	sha256	bytes	original_path	copy
build_input	dab6e23da3816135d6c036c56c0b2d2814aca04c309314a841fec73d07271cf6	3125	/home/chuxiao/grasu-regraph-integration/.tmp_build/weighted_pma_native_sw_emu_df7d30c/manifest.env	build_metadata/manifest.env
build_input	0abebdfcf217686601fd696512a2cc65b761a7686615b4c522b6f4ef48c2c653	6042	/home/chuxiao/grasu-regraph-integration/.tmp_build/weighted_pma_native_sw_emu_df7d30c/inputs.tsv	build_metadata/inputs.tsv
build_input	ab9595e01faab4f9ae5960c871747bde82173b268ba167d181a57b7f0531ecea	8598	/home/chuxiao/grasu-regraph-integration/.tmp_build/weighted_pma_native_sw_emu_df7d30c/compile_commands.sh	build_metadata/compile_commands.sh
build_input	a72a33ff07cd3996d0c5a8059a94c7c8ec948144d964e6b5b4bd4c16a76cc510	3003	/home/chuxiao/grasu-regraph-integration/.tmp_build/weighted_pma_native_sw_emu_df7d30c/link_command.sh	build_metadata/link_command.sh
build_steps	3df2f4ab3478c8ffee561ddd87156a5bc1ecbfd161a0eb7be2d0ed06e5af091f	11644	/home/chuxiao/grasu-regraph-integration/.tmp_build/weighted_pma_native_sw_emu_df7d30c/logs/bin_search/bin_search/bin_search.steps.log	build_metadata/bin_search_bin_search.steps.log
build_steps	2bbe9c54cbd2bc5e95050f331924dcbb327f9a8bdb7691792b5e39915c750dcf	11578	/home/chuxiao/grasu-regraph-integration/.tmp_build/weighted_pma_native_sw_emu_df7d30c/logs/dispatch/dispatch/dispatch.steps.log	build_metadata/dispatch_dispatch.steps.log
build_steps	d41dabf60dcfd78c4227317514d5865fede9c62d39292c62775adf7607a117cb	13580	/home/chuxiao/grasu-regraph-integration/.tmp_build/weighted_pma_native_sw_emu_df7d30c/logs/kernelApply/kernelApply/kernelApply.steps.log	build_metadata/kernelApply_kernelApply.steps.log
build_steps	0b1c6cebebc61e241af306ee05718c831e5526ecfcc9cd81bad7e93771c9037e	13784	/home/chuxiao/grasu-regraph-integration/.tmp_build/weighted_pma_native_sw_emu_df7d30c/logs/kernelHBMWrapper/kernelHBMWrapper/kernelHBMWrapper.steps.log	build_metadata/kernelHBMWrapper_kernelHBMWrapper.steps.log
build_steps	c35828e71e2ca931d2354d8c3a5439024728f53370a7c89dcbd7501c931f04be	13949	/home/chuxiao/grasu-regraph-integration/.tmp_build/weighted_pma_native_sw_emu_df7d30c/logs/kernelLittleGSMerger/kernelLittleGSMerger/kernelLittleGSMerger.steps.log	build_metadata/kernelLittleGSMerger_kernelLittleGSMerger.steps.log
build_steps	1ef2874cebbaaf8120d51a57e9ef3909e26e679906243fbcff26460b3b32ce76	55029	/home/chuxiao/grasu-regraph-integration/.tmp_build/weighted_pma_native_sw_emu_df7d30c/logs/link/link/link.steps.log	build_metadata/link_link.steps.log
build_steps	a260591dbf3ac9b4f8fd345ade56627e89a4e69c18ab6fd395cd30b1b61b45b3	13789	/home/chuxiao/grasu-regraph-integration/.tmp_build/weighted_pma_native_sw_emu_df7d30c/logs/lksg_stream/lksg_stream/lksg_stream.steps.log	build_metadata/lksg_stream_lksg_stream.steps.log
build_steps	f5c6da97e1ea2c06b3c3ccbf27f157eca1f7e638492020f5da71bbff71d1a2a7	11723	/home/chuxiao/grasu-regraph-integration/.tmp_build/weighted_pma_native_sw_emu_df7d30c/logs/pma_completion_barrier/pma_completion_barrier/pma_completion_barrier.steps.log	build_metadata/pma_completion_barrier_pma_completion_barrier.steps.log
build_steps	a2e34a43563483a557870898087bb345658e74df54cb055b7daaba445aafda57	11824	/home/chuxiao/grasu-regraph-integration/.tmp_build/weighted_pma_native_sw_emu_df7d30c/logs/pma_to_regraph_adapter/pma_to_regraph_adapter/pma_to_regraph_adapter.steps.log	build_metadata/pma_to_regraph_adapter_pma_to_regraph_adapter.steps.log
build_steps	2feac0b1bae226db2b440456b6cec3257b0e4b4d4ce9b5a940f846bbf000a8a3	11984	/home/chuxiao/grasu-regraph-integration/.tmp_build/weighted_pma_native_sw_emu_df7d30c/logs/process_cache/process_cache/process_cache.steps.log	build_metadata/process_cache_process_cache.steps.log
build_steps	0edd2514df63cb8647bbb088b21e6922a2d9e605b843247f2d9aa4a812b14365	11805	/home/chuxiao/grasu-regraph-integration/.tmp_build/weighted_pma_native_sw_emu_df7d30c/logs/process_ddr/process_ddr/process_ddr.steps.log	build_metadata/process_ddr_process_ddr.steps.log
