role	status	sha256	bytes	path
generator_source	present	713ef7505dee4ae83416e54b1051b9bf184c362270355d9d1510acbb6b0d9264	26486	/home/chuxiao/grasu-regraph-integration/scripts/prepare_pure_hw_pipeline_build.sh
config_input	present	d472e206a89bbcc8492b070678034efd67b33178836c65bd7e081f04af7f235c	2395	/home/chuxiao/GraSU/u55c_hbm/config/GraSU-link.cfg
config_input	present	d440e3cd582d953928e593fe84e25030d6a3b8fe36338ee04e9a79fd31c902e4	684	/home/chuxiao/GraSU/u55c_hbm/config/stream_connect.ini
config_input	present	5c19f0d0fa3b0c078e465b9cc5e65bab3da8fa21ec0dd117c6693de95d18c1de	4473	/home/chuxiao/ReGraph/acc_template/connectivity.cfg
kernel_source	present	69b437066f919b0e170f43d2e3bb3940f2ee7cfeab53393b1b77de64e9be5c68	26072	/home/chuxiao/GraSU/GraSU/GraSU_kernels/src/kernel_bin_search.cpp
kernel_source	present	9709f72c87e24f81e800f2f419b653df10e22f0ea257f9b937d40885d60b6663	2538	/home/chuxiao/GraSU/GraSU/GraSU_kernels/src/kernel_dispatch.cpp
kernel_source	present	eccb7ea04f56772af6d59ca058db35458e97a8e571c10c241699f67697c054a0	12718	/home/chuxiao/GraSU/GraSU/GraSU_kernels/src/kernel_process_cache.cpp
kernel_source	present	e2ddf9a5d12c5ace4a19ca8b7b5296447541121f6102ae617c2409a1f8a42c12	5626	/home/chuxiao/GraSU/GraSU/GraSU_kernels/src/kernel_process_ddr.cpp
kernel_source	present	3f6370db4e3b1af442d6c7d83b0b3ef4f90b875e0ef3219f67fa73059c284ddd	2175	/home/chuxiao/ReGraph/acc_template/kernel_apply/kernel_apply.cpp
kernel_source	present	31307ce4cf2ae98ca220394f1d2c7badca994b96f1b8e07d9b7ece2a3d1ddd6d	2896	/home/chuxiao/ReGraph/acc_template/kernel_hbm_wrapper/kernel_hbm_wrapper.cpp
kernel_source	present	282a88d68cec7f4038059ca7a0fdcf82dcc835b9da2e8d663e8b65ea1790ab43	2818	/home/chuxiao/ReGraph/acc_template/kernel_little_gs_merger/kernel_little_gs_merger.cpp
kernel_source	present	747b03e8d777619914eb245faa84ff46e1d75e525e3b6398dbf546ba24278768	1506	/home/chuxiao/grasu-regraph-integration/kernels/pma_completion_barrier/pma_completion_barrier.cpp
kernel_source	present	d3193f17ed6d444dd66dcacb1ca019540fac5ae2034c575679bb46733a5d1edb	7109	/home/chuxiao/grasu-regraph-integration/kernels/pma_to_regraph_adapter/pma_to_regraph_adapter.cpp
kernel_source	present	aa7e8df97bb1e933fc860ca51d4547b7e301da48b9a37d82cef245df310fd2a8	4525	/home/chuxiao/grasu-regraph-integration/kernels/regraph_stream_little_gs/little_gs_stream.cpp
kernel_header	present	8bc4579e9c8902c32913f6c7cd428e1d7b2a889d726ea5df7be2a12d38b5dec3	1088	/home/chuxiao/GraSU/GraSU/GraSU_kernels/src/kernel_config.h
kernel_header	present	cea3424ec1faff3c48c3e26b62f4e09c1483da41eb424aa4ca8086ecee4bba08	1566	/home/chuxiao/ReGraph/acc_template/common/acc_config.h
kernel_header	present	a3078fd08165084415961253896095959390d50fa2da375b44026be925db21d5	2506	/home/chuxiao/ReGraph/acc_template/common/acc_data_types.h
kernel_header	present	baa554f389db7c442a58eeee731e3b967b1c88206d2b8ca02357e9e9cb1be35b	797	/home/chuxiao/ReGraph/acc_template/common/fpga_application.h
kernel_header	present	c78211bdf95337bac86f4f4fda4a853d14d2c86915ddbffb1143d4806e09965c	1608	/home/chuxiao/ReGraph/acc_template/common/l1_api.h
kernel_header	present	e78eaa1245af55c575a3b7be699171b0d34af30754b97216c0a955cf97b059ba	7967	/home/chuxiao/ReGraph/acc_template/kernel_apply/acc_apply.h
kernel_header	present	118a3214b2ddef19ec5378c7067c1a9d7de67b2b2019146131cac8bcbeb83629	6463	/home/chuxiao/ReGraph/acc_template/kernel_hbm_wrapper/hbm_wrapper.h
kernel_header	present	6a8b5daf4a3ed9b4573c9ad90a4a0babb1fdea46426758bcc0b5cf6914af142f	6882	/home/chuxiao/ReGraph/acc_template/kernel_little_gs/acc_gather.h
kernel_header	present	33e88abf5b83f558b21825bd492bbf301f96825250953b9bbf5bb13aa78529e9	9904	/home/chuxiao/ReGraph/acc_template/kernel_little_gs/acc_scatter.h
kernel_header	present	264965570ce0d0d202eca3c50e1f95aafbba72654761601f24bf9ab78edeed50	1574	/home/chuxiao/ReGraph/acc_udfs/sssp/l2.h
generated_xo	present	8fdf8e67cbe840982363fb850d31c4dd1d8733b2c32df75d4c26613eece53814	5525	/home/chuxiao/grasu-regraph-integration/.tmp_build/weighted_pma_native_sw_emu_df7d30c/build/bin_search.sw_emu.xo
generated_xo	present	2e852b436ec94ed681e2cbe5337991b2ddaacd803cca9d0733ad64195adb91c0	2255	/home/chuxiao/grasu-regraph-integration/.tmp_build/weighted_pma_native_sw_emu_df7d30c/build/dispatch.sw_emu.xo
generated_xo	present	e733065b6a6a005f1ecf6be2f4ce6b8cdfee3d289cd7a796d8a827d264df93f8	2464	/home/chuxiao/grasu-regraph-integration/.tmp_build/weighted_pma_native_sw_emu_df7d30c/build/kernelApply.sw_emu.xilinx_u55c_gen3x16_xdma_3_202210_1.xo
generated_xo	present	baf46e0c3086ab5970f619a2f026698a5c22f923fea108a04640d822dc1722ce	2720	/home/chuxiao/grasu-regraph-integration/.tmp_build/weighted_pma_native_sw_emu_df7d30c/build/kernelHBMWrapper.sw_emu.xilinx_u55c_gen3x16_xdma_3_202210_1.xo
generated_xo	present	f014c788cf8344eb1d21712e6d9130621e40ebf1bb7e0407f46ed755224dd918	2666	/home/chuxiao/grasu-regraph-integration/.tmp_build/weighted_pma_native_sw_emu_df7d30c/build/kernelLittleGSMerger.sw_emu.xilinx_u55c_gen3x16_xdma_3_202210_1.xo
generated_xo	present	c42a935e52850b98b896dfb9ba868010cf1cf0053e2d13f75c014e669aca28f7	3631	/home/chuxiao/grasu-regraph-integration/.tmp_build/weighted_pma_native_sw_emu_df7d30c/build/process_cache.sw_emu.xo
generated_xo	present	d3dc772bcd6eef3cfd08ef55b9f0f364e98872a5d7f68bf466b1984ad0098a54	2918	/home/chuxiao/grasu-regraph-integration/.tmp_build/weighted_pma_native_sw_emu_df7d30c/build/process_ddr.sw_emu.xo
generated_xo	present	534b2341e2f69ce8b7dc0f18e85d6f48916a864a696a043d3176f65c53a2198a	1958	/home/chuxiao/grasu-regraph-integration/.tmp_build/weighted_pma_native_sw_emu_df7d30c/build/pma_completion_barrier.sw_emu.xo
generated_xo	present	4af3fb8a81784d4df35ceb34521fd7327b0d01ad8fd90bdcc5e8908c5cd0cf6c	3518	/home/chuxiao/grasu-regraph-integration/.tmp_build/weighted_pma_native_sw_emu_df7d30c/build/pma_to_regraph_adapter.sw_emu.xo
generated_xo	present	6d1143266c73d0227f3eafbb00d188bb6fba18b9e19b13f28f0161311b84eb30	3230	/home/chuxiao/grasu-regraph-integration/.tmp_build/weighted_pma_native_sw_emu_df7d30c/build/lksg_stream.sw_emu.xo
