role	sha256	path
source_manifest	cd6dee25555ebb6fa8d6ea852b9b165d639c9673e885ab1f0433fcb2c4563fd9	/data/tmp/chuxiao/grasu_regraph_weighted_sssp_native_hw_a927186_20260726/manifest.env
link_config	1f1c59c9168fc208456332528cc9d9a40658b24397eee9866c9c48441c8bb902	/data/tmp/chuxiao/grasu_regraph_weighted_sssp_native_hw_a927186_20260726/config/weighted_pma_native_hw.cfg
packaged_not_timing_closed_xclbin	c646bc3ced3de64b641aae351a502d57a2475935cede9feb90617a7cdd700048	/data/tmp/chuxiao/grasu_regraph_weighted_sssp_native_hw_a927186_20260726/build/grasu_regraph_weighted_pma_native.hw.xclbin
routed_timing_report	e897e81b0e9347207260d51914183cb7c9af7505bffd62e1ea4fc7b0302c532e	/data/tmp/chuxiao/grasu_regraph_weighted_sssp_native_hw_a927186_20260726/build/link/link/vivado/vpl/prj/prj.runs/impl_1/hw_bb_locked_timing_summary_routed.rpt
input_xo	17be904878a717b6f9094abfb97bc2c38cdd314a7478b43bda85ee1e6fb763a6	/data/tmp/chuxiao/grasu_regraph_weighted_sssp_native_hw_a927186_20260726/build/bin_search.hw.xo
input_xo	77d627663d4156f490e7d6e6b1afb50c430f206fc1dc7f974002b36810fe2964	/data/tmp/chuxiao/grasu_regraph_weighted_sssp_native_hw_a927186_20260726/build/dispatch.hw.xo
input_xo	aeffe75e5f0c330adf7f17abf824d17d1e27fd31de472231a67cbdf503788e58	/data/tmp/chuxiao/grasu_regraph_weighted_sssp_native_hw_a927186_20260726/build/kernelApply.hw.xilinx_u55c_gen3x16_xdma_3_202210_1.xo
input_xo	c72def4c81b8892b799ecc67c8c32a77c6c8884084cd75e044af0e44264ac532	/data/tmp/chuxiao/grasu_regraph_weighted_sssp_native_hw_a927186_20260726/build/kernelHBMWrapper.hw.xilinx_u55c_gen3x16_xdma_3_202210_1.xo
input_xo	17ccd8d5783e7e4a630061752e36851654b19b04c97c0ee8ceedb911f7b68c32	/data/tmp/chuxiao/grasu_regraph_weighted_sssp_native_hw_a927186_20260726/build/kernelLittleGSMerger.hw.xilinx_u55c_gen3x16_xdma_3_202210_1.xo
input_xo	7f783739c816778901ad2643ca47b62444d6f155e7593c71f43b940a77885972	/data/tmp/chuxiao/grasu_regraph_weighted_sssp_native_hw_a927186_20260726/build/process_cache.hw.xo
input_xo	cbf70005d2d714a041dfd498d2eda1a27cf35ea7d9a76aea93827f1278cfe666	/data/tmp/chuxiao/grasu_regraph_weighted_sssp_native_hw_a927186_20260726/build/process_ddr.hw.xo
input_xo	eccd18a85be328d1d7b9acf904d2998efeb66f7e4450119eac668f60717a5046	/data/tmp/chuxiao/grasu_regraph_weighted_sssp_native_hw_a927186_20260726/build/pma_completion_barrier.hw.xo
input_xo	5adaa2ceb3623a171493a0c92809b26ece2221a4738ee19398cc9283b5601b28	/data/tmp/chuxiao/grasu_regraph_weighted_sssp_native_hw_a927186_20260726/build/pma_to_regraph_adapter.hw.xo
input_xo	749fef109867c11abb541288858a4c1f2eca0ce6e3df63b55be436ffbf31d194	/data/tmp/chuxiao/grasu_regraph_weighted_sssp_native_hw_a927186_20260726/build/lksg_stream.hw.xo
