source	target	binary_name	binary_file	kernel	xo_file	cu_count	cu_names	kernel_type
/data/tmp/chuxiao/grasu_regraph_sharded_k4_cc_hw_d886f42_20260806/build/grasu_regraph_connected_components_pma_native_sharded_k4.hw.xclbin.link_summary	TT_HW	grasu_regraph_connected_components_pma_native_sharded_k4.hw	/data/tmp/chuxiao/grasu_regraph_sharded_k4_cc_hw_d886f42_20260806/build/grasu_regraph_connected_components_pma_native_sharded_k4.hw.xclbin	bin_search	/data/tmp/chuxiao/grasu_regraph_sharded_k4_cc_hw_d886f42_20260806/build/bin_search.hw.xo	4	bin_search_1.bin_search_2.bin_search_3.bin_search_4	HLS
/data/tmp/chuxiao/grasu_regraph_sharded_k4_cc_hw_d886f42_20260806/build/grasu_regraph_connected_components_pma_native_sharded_k4.hw.xclbin.link_summary	TT_HW	grasu_regraph_connected_components_pma_native_sharded_k4.hw	/data/tmp/chuxiao/grasu_regraph_sharded_k4_cc_hw_d886f42_20260806/build/grasu_regraph_connected_components_pma_native_sharded_k4.hw.xclbin	dispatch	/data/tmp/chuxiao/grasu_regraph_sharded_k4_cc_hw_d886f42_20260806/build/dispatch.hw.xo	1	dispatch_1	HLS
/data/tmp/chuxiao/grasu_regraph_sharded_k4_cc_hw_d886f42_20260806/build/grasu_regraph_connected_components_pma_native_sharded_k4.hw.xclbin.link_summary	TT_HW	grasu_regraph_connected_components_pma_native_sharded_k4.hw	/data/tmp/chuxiao/grasu_regraph_sharded_k4_cc_hw_d886f42_20260806/build/grasu_regraph_connected_components_pma_native_sharded_k4.hw.xclbin	kernelApply	/data/tmp/chuxiao/grasu_regraph_sharded_k4_cc_hw_d886f42_20260806/build/kernelApply.hw.xilinx_u55c_gen3x16_xdma_3_202210_1.xo	1	kernelApply_1	HLS
/data/tmp/chuxiao/grasu_regraph_sharded_k4_cc_hw_d886f42_20260806/build/grasu_regraph_connected_components_pma_native_sharded_k4.hw.xclbin.link_summary	TT_HW	grasu_regraph_connected_components_pma_native_sharded_k4.hw	/data/tmp/chuxiao/grasu_regraph_sharded_k4_cc_hw_d886f42_20260806/build/grasu_regraph_connected_components_pma_native_sharded_k4.hw.xclbin	kernelHBMWrapper	/data/tmp/chuxiao/grasu_regraph_sharded_k4_cc_hw_d886f42_20260806/build/kernelHBMWrapper.hw.xilinx_u55c_gen3x16_xdma_3_202210_1.xo	1	kernelHBMWrapper_1	HLS
/data/tmp/chuxiao/grasu_regraph_sharded_k4_cc_hw_d886f42_20260806/build/grasu_regraph_connected_components_pma_native_sharded_k4.hw.xclbin.link_summary	TT_HW	grasu_regraph_connected_components_pma_native_sharded_k4.hw	/data/tmp/chuxiao/grasu_regraph_sharded_k4_cc_hw_d886f42_20260806/build/grasu_regraph_connected_components_pma_native_sharded_k4.hw.xclbin	kernelLittleGSMerger	/data/tmp/chuxiao/grasu_regraph_sharded_k4_cc_hw_d886f42_20260806/build/kernelLittleGSMerger.hw.xilinx_u55c_gen3x16_xdma_3_202210_1.xo	1	kernelLittleGSMerger_1	HLS
/data/tmp/chuxiao/grasu_regraph_sharded_k4_cc_hw_d886f42_20260806/build/grasu_regraph_connected_components_pma_native_sharded_k4.hw.xclbin.link_summary	TT_HW	grasu_regraph_connected_components_pma_native_sharded_k4.hw	/data/tmp/chuxiao/grasu_regraph_sharded_k4_cc_hw_d886f42_20260806/build/grasu_regraph_connected_components_pma_native_sharded_k4.hw.xclbin	process_cache	/data/tmp/chuxiao/grasu_regraph_sharded_k4_cc_hw_d886f42_20260806/build/process_cache.hw.xo	2	process_cache_1.process_cache_2	HLS
/data/tmp/chuxiao/grasu_regraph_sharded_k4_cc_hw_d886f42_20260806/build/grasu_regraph_connected_components_pma_native_sharded_k4.hw.xclbin.link_summary	TT_HW	grasu_regraph_connected_components_pma_native_sharded_k4.hw	/data/tmp/chuxiao/grasu_regraph_sharded_k4_cc_hw_d886f42_20260806/build/grasu_regraph_connected_components_pma_native_sharded_k4.hw.xclbin	process_ddr	/data/tmp/chuxiao/grasu_regraph_sharded_k4_cc_hw_d886f42_20260806/build/process_ddr.hw.xo	2	process_ddr_1.process_ddr_2	HLS
/data/tmp/chuxiao/grasu_regraph_sharded_k4_cc_hw_d886f42_20260806/build/grasu_regraph_connected_components_pma_native_sharded_k4.hw.xclbin.link_summary	TT_HW	grasu_regraph_connected_components_pma_native_sharded_k4.hw	/data/tmp/chuxiao/grasu_regraph_sharded_k4_cc_hw_d886f42_20260806/build/grasu_regraph_connected_components_pma_native_sharded_k4.hw.xclbin	pma_completion_barrier	/data/tmp/chuxiao/grasu_regraph_sharded_k4_cc_hw_d886f42_20260806/build/pma_completion_barrier.hw.xo	1	pma_completion_barrier_1	HLS
/data/tmp/chuxiao/grasu_regraph_sharded_k4_cc_hw_d886f42_20260806/build/grasu_regraph_connected_components_pma_native_sharded_k4.hw.xclbin.link_summary	TT_HW	grasu_regraph_connected_components_pma_native_sharded_k4.hw	/data/tmp/chuxiao/grasu_regraph_sharded_k4_cc_hw_d886f42_20260806/build/grasu_regraph_connected_components_pma_native_sharded_k4.hw.xclbin	pma_to_regraph_adapter	/data/tmp/chuxiao/grasu_regraph_sharded_k4_cc_hw_d886f42_20260806/build/pma_to_regraph_adapter.hw.xo	4	pma_to_regraph_adapter_1.pma_to_regraph_adapter_2.pma_to_regraph_adapter_3.pma_to_regraph_adapter_4	HLS
/data/tmp/chuxiao/grasu_regraph_sharded_k4_cc_hw_d886f42_20260806/build/grasu_regraph_connected_components_pma_native_sharded_k4.hw.xclbin.link_summary	TT_HW	grasu_regraph_connected_components_pma_native_sharded_k4.hw	/data/tmp/chuxiao/grasu_regraph_sharded_k4_cc_hw_d886f42_20260806/build/grasu_regraph_connected_components_pma_native_sharded_k4.hw.xclbin	lksg_stream	/data/tmp/chuxiao/grasu_regraph_sharded_k4_cc_hw_d886f42_20260806/build/lksg_stream.hw.xo	4	lksg_stream_1.lksg_stream_2.lksg_stream_3.lksg_stream_4	HLS
/data/tmp/chuxiao/grasu_regraph_sharded_k4_cc_hw_d886f42_20260806/build/grasu_regraph_connected_components_pma_native_sharded_k4.hw.xclbin.link_summary	TT_HW	grasu_regraph_connected_components_pma_native_sharded_k4.hw	/data/tmp/chuxiao/grasu_regraph_sharded_k4_cc_hw_d886f42_20260806/build/grasu_regraph_connected_components_pma_native_sharded_k4.hw.xclbin	regraph_frontend_mux	/data/tmp/chuxiao/grasu_regraph_sharded_k4_cc_hw_d886f42_20260806/build/regraph_frontend_mux.hw.xo	1	regraph_frontend_mux_1	HLS
