source	entry_type	step_name	command
/data/tmp/chuxiao/grasu_regraph_sharded_k4_sssp_hw_b8d2ba3_20260806/build/grasu_regraph_weighted_pma_native_sharded_k4.hw.xclbin.link_summary	ET_CmdStep	v++	"/data/yxx/tools/xilinx/Vitis/2024.1/bin/unwrapped/lnx64.o/v++  --vivado.prop ""run.__KERNEL__.{STEPS.SYNTH_DESIGN.ARGS.MORE OPTIONS}={-directive sdx_optimization_effort_high}"" --advanced.misc ""report=type report_timing_summary name impl_report_timing_summary_route_design_summary steps {route_design} runs {impl_1} options {-max_paths 10}"" --advanced.misc ""report=type report_timing_summary name impl_report_timing_summary_post_route_phys_opt_design_summary steps {post_route_phys_opt_design} runs {impl_1} options {-max_paths 10}"" --target hw --link --kernel_frequency 150 --config /data/tmp/chuxiao/grasu_regraph_sharded_k4_sssp_hw_b8d2ba3_20260806/config/weighted_pma_native_sharded_k4_hw.cfg -D_GTHREAD_USE_COND_INIT_FUNC -I/home/chuxiao/grasu-regraph-integration/repos/ReGraph/acc_udfs/sssp -I/home/chuxiao/grasu-regraph-integration/repos/ReGraph -I/home/chuxiao/grasu-regraph-integration/repos/ReGraph/acc_template -I/home/chuxiao/grasu-regraph-integration/repos/ReGraph/acc_template/common -I/home/chuxiao/grasu-regraph-integration/repos/ReGraph/acc_udfs -I/home/chuxiao/grasu-regraph-integration/repos/ReGraph/acc_template/kernel_apply -I/home/chuxiao/grasu-regraph-integration/repos/ReGraph/acc_template/kernel_hbm_wrapper -I/home/chuxiao/grasu-regraph-integration/repos/ReGraph/acc_template/kernel_little_gs_merger -I/home/chuxiao/grasu-regraph-integration/repos/ReGraph/acc_template/kernel_big_gs -I/home/chuxiao/grasu-regraph-integration/repos/ReGraph/acc_template/kernel_big_gs_merger -o /data/tmp/chuxiao/grasu_regraph_sharded_k4_sssp_hw_b8d2ba3_20260806/build/grasu_regraph_weighted_pma_native_sharded_k4.hw.xclbin /data/tmp/chuxiao/grasu_regraph_sharded_k4_sssp_hw_b8d2ba3_20260806/build/bin_search.hw.xo /data/tmp/chuxiao/grasu_regraph_sharded_k4_sssp_hw_b8d2ba3_20260806/build/dispatch.hw.xo /data/tmp/chuxiao/grasu_regraph_sharded_k4_sssp_hw_b8d2ba3_20260806/build/kernelApply.hw.xilinx_u55c_gen3x16_xdma_3_202210_1.xo /data/tmp/chuxiao/grasu_regraph_sharded_k4_sssp_hw_b8d2ba3_20260806/build/kernelHBMWrapper.hw.xilinx_u55c_gen3x16_xdma_3_202210_1.xo /data/tmp/chuxiao/grasu_regraph_sharded_k4_sssp_hw_b8d2ba3_20260806/build/kernelLittleGSMerger.hw.xilinx_u55c_gen3x16_xdma_3_202210_1.xo /data/tmp/chuxiao/grasu_regraph_sharded_k4_sssp_hw_b8d2ba3_20260806/build/process_cache.hw.xo /data/tmp/chuxiao/grasu_regraph_sharded_k4_sssp_hw_b8d2ba3_20260806/build/process_ddr.hw.xo /data/tmp/chuxiao/grasu_regraph_sharded_k4_sssp_hw_b8d2ba3_20260806/build/pma_completion_barrier.hw.xo /data/tmp/chuxiao/grasu_regraph_sharded_k4_sssp_hw_b8d2ba3_20260806/build/pma_to_regraph_adapter.hw.xo /data/tmp/chuxiao/grasu_regraph_sharded_k4_sssp_hw_b8d2ba3_20260806/build/lksg_stream.hw.xo /data/tmp/chuxiao/grasu_regraph_sharded_k4_sssp_hw_b8d2ba3_20260806/build/regraph_frontend_mux.hw.xo "
/data/tmp/chuxiao/grasu_regraph_sharded_k4_sssp_hw_b8d2ba3_20260806/build/grasu_regraph_weighted_pma_native_sharded_k4.hw.xclbin.link_summary	ET_SubCmdStep	system_link	system_link --xo /data/tmp/chuxiao/grasu_regraph_sharded_k4_sssp_hw_b8d2ba3_20260806/build/bin_search.hw.xo --xo /data/tmp/chuxiao/grasu_regraph_sharded_k4_sssp_hw_b8d2ba3_20260806/build/dispatch.hw.xo --xo /data/tmp/chuxiao/grasu_regraph_sharded_k4_sssp_hw_b8d2ba3_20260806/build/kernelApply.hw.xilinx_u55c_gen3x16_xdma_3_202210_1.xo --xo /data/tmp/chuxiao/grasu_regraph_sharded_k4_sssp_hw_b8d2ba3_20260806/build/kernelHBMWrapper.hw.xilinx_u55c_gen3x16_xdma_3_202210_1.xo --xo /data/tmp/chuxiao/grasu_regraph_sharded_k4_sssp_hw_b8d2ba3_20260806/build/kernelLittleGSMerger.hw.xilinx_u55c_gen3x16_xdma_3_202210_1.xo --xo /data/tmp/chuxiao/grasu_regraph_sharded_k4_sssp_hw_b8d2ba3_20260806/build/process_cache.hw.xo --xo /data/tmp/chuxiao/grasu_regraph_sharded_k4_sssp_hw_b8d2ba3_20260806/build/process_ddr.hw.xo --xo /data/tmp/chuxiao/grasu_regraph_sharded_k4_sssp_hw_b8d2ba3_20260806/build/pma_completion_barrier.hw.xo --xo /data/tmp/chuxiao/grasu_regraph_sharded_k4_sssp_hw_b8d2ba3_20260806/build/pma_to_regraph_adapter.hw.xo --xo /data/tmp/chuxiao/grasu_regraph_sharded_k4_sssp_hw_b8d2ba3_20260806/build/lksg_stream.hw.xo --xo /data/tmp/chuxiao/grasu_regraph_sharded_k4_sssp_hw_b8d2ba3_20260806/build/regraph_frontend_mux.hw.xo -keep --config /data/tmp/chuxiao/grasu_regraph_sharded_k4_sssp_hw_b8d2ba3_20260806/build/link/link/int/syslinkConfig.ini --xpfm /opt/xilinx/platforms/xilinx_u55c_gen3x16_xdma_3_202210_1/xilinx_u55c_gen3x16_xdma_3_202210_1.xpfm --target hw --output_dir /data/tmp/chuxiao/grasu_regraph_sharded_k4_sssp_hw_b8d2ba3_20260806/build/link/link/int --temp_dir /data/tmp/chuxiao/grasu_regraph_sharded_k4_sssp_hw_b8d2ba3_20260806/build/link/link/sys_link
/data/tmp/chuxiao/grasu_regraph_sharded_k4_sssp_hw_b8d2ba3_20260806/build/grasu_regraph_weighted_pma_native_sharded_k4.hw.xclbin.link_summary	ET_SubCmdStep	cf2sw	cf2sw -sdsl /data/tmp/chuxiao/grasu_regraph_sharded_k4_sssp_hw_b8d2ba3_20260806/build/link/link/int/sdsl.dat -rtd /data/tmp/chuxiao/grasu_regraph_sharded_k4_sssp_hw_b8d2ba3_20260806/build/link/link/int/cf2sw.rtd -nofilter /data/tmp/chuxiao/grasu_regraph_sharded_k4_sssp_hw_b8d2ba3_20260806/build/link/link/int/cf2sw_full.rtd -xclbin /data/tmp/chuxiao/grasu_regraph_sharded_k4_sssp_hw_b8d2ba3_20260806/build/link/link/int/xclbin_orig.xml -o /data/tmp/chuxiao/grasu_regraph_sharded_k4_sssp_hw_b8d2ba3_20260806/build/link/link/int/xclbin_orig.1.xml
/data/tmp/chuxiao/grasu_regraph_sharded_k4_sssp_hw_b8d2ba3_20260806/build/grasu_regraph_weighted_pma_native_sharded_k4.hw.xclbin.link_summary	ET_SubCmdStep	rtd2_system_diagram	rtd2SystemDiagram
/data/tmp/chuxiao/grasu_regraph_sharded_k4_sssp_hw_b8d2ba3_20260806/build/grasu_regraph_weighted_pma_native_sharded_k4.hw.xclbin.link_summary	ET_SubCmdStep	vpl	vpl -t hw -f /opt/xilinx/platforms/xilinx_u55c_gen3x16_xdma_3_202210_1/xilinx_u55c_gen3x16_xdma_3_202210_1.xpfm -s --kernel_frequency 150 --remote_ip_cache /data/tmp/chuxiao/grasu_regraph_sharded_k4_sssp_hw_b8d2ba3_20260806/ip_cache --output_dir /data/tmp/chuxiao/grasu_regraph_sharded_k4_sssp_hw_b8d2ba3_20260806/build/link/link/int --log_dir /data/tmp/chuxiao/grasu_regraph_sharded_k4_sssp_hw_b8d2ba3_20260806/logs/link/link --report_dir /data/tmp/chuxiao/grasu_regraph_sharded_k4_sssp_hw_b8d2ba3_20260806/reports/link/link --config /data/tmp/chuxiao/grasu_regraph_sharded_k4_sssp_hw_b8d2ba3_20260806/build/link/link/int/vplConfig.ini -k /data/tmp/chuxiao/grasu_regraph_sharded_k4_sssp_hw_b8d2ba3_20260806/build/link/link/int/kernel_info.dat --webtalk_flag Vitis --temp_dir /data/tmp/chuxiao/grasu_regraph_sharded_k4_sssp_hw_b8d2ba3_20260806/build/link/link --no-info --iprepo /data/tmp/chuxiao/grasu_regraph_sharded_k4_sssp_hw_b8d2ba3_20260806/build/link/link/int/xo/ip_repo/xilinx_com_hls_regraph_frontend_mux_1_0 --iprepo /data/tmp/chuxiao/grasu_regraph_sharded_k4_sssp_hw_b8d2ba3_20260806/build/link/link/int/xo/ip_repo/xilinx_com_hls_kernelApply_1_0 --iprepo /data/tmp/chuxiao/grasu_regraph_sharded_k4_sssp_hw_b8d2ba3_20260806/build/link/link/int/xo/ip_repo/xilinx_com_hls_lksg_stream_1_0 --iprepo /data/tmp/chuxiao/grasu_regraph_sharded_k4_sssp_hw_b8d2ba3_20260806/build/link/link/int/xo/ip_repo/xilinx_com_hls_dispatch_1_0 --iprepo /data/tmp/chuxiao/grasu_regraph_sharded_k4_sssp_hw_b8d2ba3_20260806/build/link/link/int/xo/ip_repo/xilinx_com_hls_bin_search_1_0 --iprepo /data/tmp/chuxiao/grasu_regraph_sharded_k4_sssp_hw_b8d2ba3_20260806/build/link/link/int/xo/ip_repo/xilinx_com_hls_kernelHBMWrapper_1_0 --iprepo /data/tmp/chuxiao/grasu_regraph_sharded_k4_sssp_hw_b8d2ba3_20260806/build/link/link/int/xo/ip_repo/xilinx_com_hls_process_cache_1_0 --iprepo /data/tmp/chuxiao/grasu_regraph_sharded_k4_sssp_hw_b8d2ba3_20260806/build/link/link/int/xo/ip_repo/xilinx_com_hls_pma_to_regraph_adapter_1_0 --iprepo /data/tmp/chuxiao/grasu_regraph_sharded_k4_sssp_hw_b8d2ba3_20260806/build/link/link/int/xo/ip_repo/xilinx_com_hls_kernelLittleGSMerger_1_0 --iprepo /data/tmp/chuxiao/grasu_regraph_sharded_k4_sssp_hw_b8d2ba3_20260806/build/link/link/int/xo/ip_repo/xilinx_com_hls_process_ddr_1_0 --iprepo /data/tmp/chuxiao/grasu_regraph_sharded_k4_sssp_hw_b8d2ba3_20260806/build/link/link/int/xo/ip_repo/xilinx_com_hls_pma_completion_barrier_1_0 --messageDb /data/tmp/chuxiao/grasu_regraph_sharded_k4_sssp_hw_b8d2ba3_20260806/build/link/link/run_link/vpl.pb /data/tmp/chuxiao/grasu_regraph_sharded_k4_sssp_hw_b8d2ba3_20260806/build/link/link/int/dr.bd.tcl
/data/tmp/chuxiao/grasu_regraph_sharded_k4_sssp_hw_b8d2ba3_20260806/build/grasu_regraph_weighted_pma_native_sharded_k4.hw.xclbin.link_summary	ET_CmdStep	vpl	/data/yxx/tools/xilinx/Vitis/2024.1/bin/unwrapped/lnx64.o/vpl -t hw -f /opt/xilinx/platforms/xilinx_u55c_gen3x16_xdma_3_202210_1/xilinx_u55c_gen3x16_xdma_3_202210_1.xpfm -s --kernel_frequency 150 --remote_ip_cache /data/tmp/chuxiao/grasu_regraph_sharded_k4_sssp_hw_b8d2ba3_20260806/ip_cache --output_dir /data/tmp/chuxiao/grasu_regraph_sharded_k4_sssp_hw_b8d2ba3_20260806/build/link/link/int --log_dir /data/tmp/chuxiao/grasu_regraph_sharded_k4_sssp_hw_b8d2ba3_20260806/logs/link/link --report_dir /data/tmp/chuxiao/grasu_regraph_sharded_k4_sssp_hw_b8d2ba3_20260806/reports/link/link --config /data/tmp/chuxiao/grasu_regraph_sharded_k4_sssp_hw_b8d2ba3_20260806/build/link/link/int/vplConfig.ini -k /data/tmp/chuxiao/grasu_regraph_sharded_k4_sssp_hw_b8d2ba3_20260806/build/link/link/int/kernel_info.dat --webtalk_flag Vitis --temp_dir /data/tmp/chuxiao/grasu_regraph_sharded_k4_sssp_hw_b8d2ba3_20260806/build/link/link --no-info --iprepo /data/tmp/chuxiao/grasu_regraph_sharded_k4_sssp_hw_b8d2ba3_20260806/build/link/link/int/xo/ip_repo/xilinx_com_hls_regraph_frontend_mux_1_0 --iprepo /data/tmp/chuxiao/grasu_regraph_sharded_k4_sssp_hw_b8d2ba3_20260806/build/link/link/int/xo/ip_repo/xilinx_com_hls_kernelApply_1_0 --iprepo /data/tmp/chuxiao/grasu_regraph_sharded_k4_sssp_hw_b8d2ba3_20260806/build/link/link/int/xo/ip_repo/xilinx_com_hls_lksg_stream_1_0 --iprepo /data/tmp/chuxiao/grasu_regraph_sharded_k4_sssp_hw_b8d2ba3_20260806/build/link/link/int/xo/ip_repo/xilinx_com_hls_dispatch_1_0 --iprepo /data/tmp/chuxiao/grasu_regraph_sharded_k4_sssp_hw_b8d2ba3_20260806/build/link/link/int/xo/ip_repo/xilinx_com_hls_bin_search_1_0 --iprepo /data/tmp/chuxiao/grasu_regraph_sharded_k4_sssp_hw_b8d2ba3_20260806/build/link/link/int/xo/ip_repo/xilinx_com_hls_kernelHBMWrapper_1_0 --iprepo /data/tmp/chuxiao/grasu_regraph_sharded_k4_sssp_hw_b8d2ba3_20260806/build/link/link/int/xo/ip_repo/xilinx_com_hls_process_cache_1_0 --iprepo /data/tmp/chuxiao/grasu_regraph_sharded_k4_sssp_hw_b8d2ba3_20260806/build/link/link/int/xo/ip_repo/xilinx_com_hls_pma_to_regraph_adapter_1_0 --iprepo /data/tmp/chuxiao/grasu_regraph_sharded_k4_sssp_hw_b8d2ba3_20260806/build/link/link/int/xo/ip_repo/xilinx_com_hls_kernelLittleGSMerger_1_0 --iprepo /data/tmp/chuxiao/grasu_regraph_sharded_k4_sssp_hw_b8d2ba3_20260806/build/link/link/int/xo/ip_repo/xilinx_com_hls_process_ddr_1_0 --iprepo /data/tmp/chuxiao/grasu_regraph_sharded_k4_sssp_hw_b8d2ba3_20260806/build/link/link/int/xo/ip_repo/xilinx_com_hls_pma_completion_barrier_1_0 --messageDb /data/tmp/chuxiao/grasu_regraph_sharded_k4_sssp_hw_b8d2ba3_20260806/build/link/link/run_link/vpl.pb /data/tmp/chuxiao/grasu_regraph_sharded_k4_sssp_hw_b8d2ba3_20260806/build/link/link/int/dr.bd.tcl 
/data/tmp/chuxiao/grasu_regraph_sharded_k4_sssp_hw_b8d2ba3_20260806/build/grasu_regraph_weighted_pma_native_sharded_k4.hw.xclbin.link_summary	ET_SubCmdStep	vivado	vivado -log vivado.log -applog -m64 -messageDb vivado.pb -mode batch -source vpl.tcl -notrace
/data/tmp/chuxiao/grasu_regraph_sharded_k4_sssp_hw_b8d2ba3_20260806/build/grasu_regraph_weighted_pma_native_sharded_k4.hw.xclbin.link_summary	ET_SubCmdStep	rtdgen	rtdgen
/data/tmp/chuxiao/grasu_regraph_sharded_k4_sssp_hw_b8d2ba3_20260806/build/grasu_regraph_weighted_pma_native_sharded_k4.hw.xclbin.link_summary	ET_SubCmdStep	cf2sw	cf2sw -a /data/tmp/chuxiao/grasu_regraph_sharded_k4_sssp_hw_b8d2ba3_20260806/build/link/link/int/address_map.xml -sdsl /data/tmp/chuxiao/grasu_regraph_sharded_k4_sssp_hw_b8d2ba3_20260806/build/link/link/int/sdsl.dat -xclbin /data/tmp/chuxiao/grasu_regraph_sharded_k4_sssp_hw_b8d2ba3_20260806/build/link/link/int/xclbin_orig.xml -rtd /data/tmp/chuxiao/grasu_regraph_sharded_k4_sssp_hw_b8d2ba3_20260806/build/link/link/int/grasu_regraph_weighted_pma_native_sharded_k4.hw.rtd -o /data/tmp/chuxiao/grasu_regraph_sharded_k4_sssp_hw_b8d2ba3_20260806/build/link/link/int/grasu_regraph_weighted_pma_native_sharded_k4.hw.xml
/data/tmp/chuxiao/grasu_regraph_sharded_k4_sssp_hw_b8d2ba3_20260806/build/grasu_regraph_weighted_pma_native_sharded_k4.hw.xclbin.link_summary	ET_SubCmdStep	rtdgen	writeSystemDiagram
/data/tmp/chuxiao/grasu_regraph_sharded_k4_sssp_hw_b8d2ba3_20260806/build/grasu_regraph_weighted_pma_native_sharded_k4.hw.xclbin.link_summary	ET_SubCmdStep	rtdgen	writeAutomationSummary
/data/tmp/chuxiao/grasu_regraph_sharded_k4_sssp_hw_b8d2ba3_20260806/build/grasu_regraph_weighted_pma_native_sharded_k4.hw.xclbin.link_summary	ET_SubCmdStep	xclbinutil	xclbinutil --add-section BITSTREAM:RAW:/data/tmp/chuxiao/grasu_regraph_sharded_k4_sssp_hw_b8d2ba3_20260806/build/link/link/int/partial.bit --force --target hw --key-value SYS:dfx_enable:true --add-section :JSON:/data/tmp/chuxiao/grasu_regraph_sharded_k4_sssp_hw_b8d2ba3_20260806/build/link/link/int/grasu_regraph_weighted_pma_native_sharded_k4.hw.rtd --append-section :JSON:/data/tmp/chuxiao/grasu_regraph_sharded_k4_sssp_hw_b8d2ba3_20260806/build/link/link/int/appendSection.rtd --add-section CLOCK_FREQ_TOPOLOGY:JSON:/data/tmp/chuxiao/grasu_regraph_sharded_k4_sssp_hw_b8d2ba3_20260806/build/link/link/int/grasu_regraph_weighted_pma_native_sharded_k4.hw_xml.rtd --add-section BUILD_METADATA:JSON:/data/tmp/chuxiao/grasu_regraph_sharded_k4_sssp_hw_b8d2ba3_20260806/build/link/link/int/grasu_regraph_weighted_pma_native_sharded_k4.hw_build.rtd --add-section EMBEDDED_METADATA:RAW:/data/tmp/chuxiao/grasu_regraph_sharded_k4_sssp_hw_b8d2ba3_20260806/build/link/link/int/grasu_regraph_weighted_pma_native_sharded_k4.hw.xml --add-section SYSTEM_METADATA:RAW:/data/tmp/chuxiao/grasu_regraph_sharded_k4_sssp_hw_b8d2ba3_20260806/build/link/link/int/systemDiagramModelSlrBaseAddress.json --key-value SYS:PlatformVBNV:xilinx_u55c_gen3x16_xdma_3_202210_1 --output /data/tmp/chuxiao/grasu_regraph_sharded_k4_sssp_hw_b8d2ba3_20260806/build/grasu_regraph_weighted_pma_native_sharded_k4.hw.xclbin
/data/tmp/chuxiao/grasu_regraph_sharded_k4_sssp_hw_b8d2ba3_20260806/build/grasu_regraph_weighted_pma_native_sharded_k4.hw.xclbin.link_summary	ET_SubCmdStep	xclbinutilinfo	xclbinutil --quiet --force --info /data/tmp/chuxiao/grasu_regraph_sharded_k4_sssp_hw_b8d2ba3_20260806/build/grasu_regraph_weighted_pma_native_sharded_k4.hw.xclbin.info --input /data/tmp/chuxiao/grasu_regraph_sharded_k4_sssp_hw_b8d2ba3_20260806/build/grasu_regraph_weighted_pma_native_sharded_k4.hw.xclbin
