source	design_name	target_device	target_clock_mhz	total_kernels
/data/tmp/chuxiao/grasu_regraph_sharded_k4_sssp_hw_b8d2ba3_20260806/reports/bin_search/bin_search/system_estimate_bin_search.hw.xtxt	bin_search.hw	xilinx:u55c:gen3x16_xdma_3:202210.1	150	1
/data/tmp/chuxiao/grasu_regraph_sharded_k4_sssp_hw_b8d2ba3_20260806/reports/dispatch/dispatch/system_estimate_dispatch.hw.xtxt	dispatch.hw	xilinx:u55c:gen3x16_xdma_3:202210.1	150	1
/data/tmp/chuxiao/grasu_regraph_sharded_k4_sssp_hw_b8d2ba3_20260806/reports/kernelApply/kernelApply/system_estimate_kernelApply.hw.xilinx_u55c_gen3x16_xdma_3_202210_1.xtxt	kernelApply.hw.xilinx_u55c_gen3x16_xdma_3_202210_1	xilinx:u55c:gen3x16_xdma_3:202210.1	150	1
/data/tmp/chuxiao/grasu_regraph_sharded_k4_sssp_hw_b8d2ba3_20260806/reports/kernelHBMWrapper/kernelHBMWrapper/system_estimate_kernelHBMWrapper.hw.xilinx_u55c_gen3x16_xdma_3_202210_1.xtxt	kernelHBMWrapper.hw.xilinx_u55c_gen3x16_xdma_3_202210_1	xilinx:u55c:gen3x16_xdma_3:202210.1	150	1
/data/tmp/chuxiao/grasu_regraph_sharded_k4_sssp_hw_b8d2ba3_20260806/reports/kernelLittleGSMerger/kernelLittleGSMerger/system_estimate_kernelLittleGSMerger.hw.xilinx_u55c_gen3x16_xdma_3_202210_1.xtxt	kernelLittleGSMerger.hw.xilinx_u55c_gen3x16_xdma_3_202210_1	xilinx:u55c:gen3x16_xdma_3:202210.1	150	1
/data/tmp/chuxiao/grasu_regraph_sharded_k4_sssp_hw_b8d2ba3_20260806/reports/link/link/system_estimate_grasu_regraph_weighted_pma_native_sharded_k4.hw.xtxt	grasu_regraph_weighted_pma_native_sharded_k4.hw	xilinx:u55c:gen3x16_xdma_3:202210.1	150	11
/data/tmp/chuxiao/grasu_regraph_sharded_k4_sssp_hw_b8d2ba3_20260806/reports/lksg_stream/lksg_stream/system_estimate_lksg_stream.hw.xtxt	lksg_stream.hw	xilinx:u55c:gen3x16_xdma_3:202210.1	150	1
/data/tmp/chuxiao/grasu_regraph_sharded_k4_sssp_hw_b8d2ba3_20260806/reports/pma_completion_barrier/pma_completion_barrier/system_estimate_pma_completion_barrier.hw.xtxt	pma_completion_barrier.hw	xilinx:u55c:gen3x16_xdma_3:202210.1	150	1
/data/tmp/chuxiao/grasu_regraph_sharded_k4_sssp_hw_b8d2ba3_20260806/reports/pma_to_regraph_adapter/pma_to_regraph_adapter/system_estimate_pma_to_regraph_adapter.hw.xtxt	pma_to_regraph_adapter.hw	xilinx:u55c:gen3x16_xdma_3:202210.1	150	1
/data/tmp/chuxiao/grasu_regraph_sharded_k4_sssp_hw_b8d2ba3_20260806/reports/process_cache/process_cache/system_estimate_process_cache.hw.xtxt	process_cache.hw	xilinx:u55c:gen3x16_xdma_3:202210.1	150	1
/data/tmp/chuxiao/grasu_regraph_sharded_k4_sssp_hw_b8d2ba3_20260806/reports/process_ddr/process_ddr/system_estimate_process_ddr.hw.xtxt	process_ddr.hw	xilinx:u55c:gen3x16_xdma_3:202210.1	150	1
/data/tmp/chuxiao/grasu_regraph_sharded_k4_sssp_hw_b8d2ba3_20260806/reports/regraph_frontend_mux/regraph_frontend_mux/system_estimate_regraph_frontend_mux.hw.xtxt	regraph_frontend_mux.hw	xilinx:u55c:gen3x16_xdma_3:202210.1	150	1
