dataset	algorithm	vertices	initial_edges	updates	source	sha256
AU	weighted_sssp	515281	390847	8	11	c59f311efc83dc1c748b7e1121cca055c3b86aaca4e04c5d1de57e694022e734
AU	connected_components	515281	679246	16	0	66eb4ba111ceec80ce9c6496cd04c34aa74cedfc813dc37dd55417d2a03dbc90
AU	residual_pagerank	515281	826848	8	0	b66ce231811d607cf3ff853f82e0320d04768f7171d6d7c22e115ab21ab2c580
SU	weighted_sssp	567316	616118	8	23	9e137a0a4f44163c04d18219577093b93b4426d182cf017ecce7aa1e2560b6a2
SU	connected_components	567316	1061248	16	0	4192ed007f04d465ecc242bebafa423de481709bf55d76481855381d0893354c
SU	residual_pagerank	567316	1075035	8	0	055b8a121cee4ba99b1435fff8ce1a67a833cae64b6fe812ff5f0a42dae8b127
WK	weighted_sssp	1140149	1142352	8	0	e23457cd3dcb6c15c0a7c4379072ed12051f0230c3158e4e812807e1bc5bdcb7
WK	connected_components	1140149	2032558	16	0	e92332ec33738e6289ae5bec8f6b3fc6d08e79292a351fde48b250cec220ceec
WK	residual_pagerank	1140149	2190639	8	0	e713f16fb313cca8a1fc7304fca72e77054dd37bcfe7c801b10e9f69dcd0a4fb
SO	weighted_sssp	6024271	23724166	8	32	75b6938f70ac68286dc2a144d382f78aa489bdcdf3ee70ef1a39f943322a0a91
SO	connected_components	6024271	41008044	16	0	da4ac6a2e166bd4647eabe56b923779dd5f66acefdcc4cd018cc8a93ff390499
SO	residual_pagerank	6024271	28299669	8	0	e184b7c7a52fa03d3dbea94705f7a649141b318c5f5745df595e06b91c6525a6
PK	weighted_sssp	1632803	44603928	8	64	efddd1bebd16d8fd64b29f17783d2615d8a2513f3f9c541a1a1d353cb81bb2dd
PK	connected_components	1632803	44603928	16	0	afa8ed81a2f39f20111e22eb1fad163f65ef470aa5267bb765fe8f76d1094873
PK	residual_pagerank	1632803	44603928	8	0	efddd1bebd16d8fd64b29f17783d2615d8a2513f3f9c541a1a1d353cb81bb2dd
LJ	weighted_sssp	4847571	85702474	8	71	ecca323e5bd5117cc7736bdaa2dc24516628fd1d2af505c246f46a7d61793724
LJ	connected_components	4847571	85702474	16	0	89093e0ccfdf40e973018b78eeb4596f3facc94e8f1a590451df314f8b6d3cb3
LJ	residual_pagerank	4847571	85703436	8	0	b63ec49815d992df85c3e05917097922efe562e0e941812d2d65979054afdd3e
LJ08	weighted_sssp	5363260	99028542	8	26	46d20465acf3839d8b76431db5e7c8836b8378fe07fd7f1357f4dfb2abd41e0d
LJ08	connected_components	5363260	99028542	16	0	ccd6ab77097f0bf573a8d54dca50622abb68804a6233c43ae4692ab1bcf2b542
LJ08	residual_pagerank	5363260	99028616	8	0	072d81a4c711547dacb34fe1f8fea850466ef9c0879ee30db2f4323ec7770946
R19	weighted_sssp	524288	15483485	8	113	e61c9c21746e6f03d34f6904f5af4c17fc615054a3786ccf709ec205946dedc5
R19	connected_components	524288	29732038	16	0	f83b0d1796ac4b71c19719081c60e7295d4fdd5c3f4319ab6f428e315b5cf9f2
R19	residual_pagerank	524288	15672181	8	0	0c984e8c9cfff56d81732451046c2c65701b79efcea968b22bb9c241011b088a
