case	family	vertices	static_edges	update_edges	final_edges	source	supersteps	default_weight	graph	result	regraph_sssp_edges	expected	metadata
tiny_chain_v16	chain	16	15	0	15	0	16	1	/home/chuxiao/grasu-regraph-integration/workloads/sssp_benchmark_pure_stage0/tiny_chain_v16/tiny_chain_v16.graph	/home/chuxiao/grasu-regraph-integration/workloads/sssp_benchmark_pure_stage0/tiny_chain_v16/tiny_chain_v16.result	/home/chuxiao/grasu-regraph-integration/workloads/sssp_benchmark_pure_stage0/tiny_chain_v16/tiny_chain_v16.sssp.edges	/home/chuxiao/grasu-regraph-integration/workloads/sssp_benchmark_pure_stage0/tiny_chain_v16/tiny_chain_v16.expected.tsv	/home/chuxiao/grasu-regraph-integration/workloads/sssp_benchmark_pure_stage0/tiny_chain_v16/tiny_chain_v16.json
tiny_star_v16_u12	hot-source	16	16	12	28	0	2	1	/home/chuxiao/grasu-regraph-integration/workloads/sssp_benchmark_pure_stage0/tiny_star_v16_u12/tiny_star_v16_u12.graph	/home/chuxiao/grasu-regraph-integration/workloads/sssp_benchmark_pure_stage0/tiny_star_v16_u12/tiny_star_v16_u12.result	/home/chuxiao/grasu-regraph-integration/workloads/sssp_benchmark_pure_stage0/tiny_star_v16_u12/tiny_star_v16_u12.sssp.edges	/home/chuxiao/grasu-regraph-integration/workloads/sssp_benchmark_pure_stage0/tiny_star_v16_u12/tiny_star_v16_u12.expected.tsv	/home/chuxiao/grasu-regraph-integration/workloads/sssp_benchmark_pure_stage0/tiny_star_v16_u12/tiny_star_v16_u12.json
tiny_spread_v16_u8	spread	16	16	8	24	0	16	1	/home/chuxiao/grasu-regraph-integration/workloads/sssp_benchmark_pure_stage0/tiny_spread_v16_u8/tiny_spread_v16_u8.graph	/home/chuxiao/grasu-regraph-integration/workloads/sssp_benchmark_pure_stage0/tiny_spread_v16_u8/tiny_spread_v16_u8.result	/home/chuxiao/grasu-regraph-integration/workloads/sssp_benchmark_pure_stage0/tiny_spread_v16_u8/tiny_spread_v16_u8.sssp.edges	/home/chuxiao/grasu-regraph-integration/workloads/sssp_benchmark_pure_stage0/tiny_spread_v16_u8/tiny_spread_v16_u8.expected.tsv	/home/chuxiao/grasu-regraph-integration/workloads/sssp_benchmark_pure_stage0/tiny_spread_v16_u8/tiny_spread_v16_u8.json
tiny_hotdst_v64_u32	hot-dest	64	63	32	95	0	16	1	/home/chuxiao/grasu-regraph-integration/workloads/sssp_benchmark_pure_stage0/tiny_hotdst_v64_u32/tiny_hotdst_v64_u32.graph	/home/chuxiao/grasu-regraph-integration/workloads/sssp_benchmark_pure_stage0/tiny_hotdst_v64_u32/tiny_hotdst_v64_u32.result	/home/chuxiao/grasu-regraph-integration/workloads/sssp_benchmark_pure_stage0/tiny_hotdst_v64_u32/tiny_hotdst_v64_u32.sssp.edges	/home/chuxiao/grasu-regraph-integration/workloads/sssp_benchmark_pure_stage0/tiny_hotdst_v64_u32/tiny_hotdst_v64_u32.expected.tsv	/home/chuxiao/grasu-regraph-integration/workloads/sssp_benchmark_pure_stage0/tiny_hotdst_v64_u32/tiny_hotdst_v64_u32.json
small_chain_v64	chain	64	63	0	63	0	64	1	/home/chuxiao/grasu-regraph-integration/workloads/sssp_benchmark_pure_stage0/small_chain_v64/small_chain_v64.graph	/home/chuxiao/grasu-regraph-integration/workloads/sssp_benchmark_pure_stage0/small_chain_v64/small_chain_v64.result	/home/chuxiao/grasu-regraph-integration/workloads/sssp_benchmark_pure_stage0/small_chain_v64/small_chain_v64.sssp.edges	/home/chuxiao/grasu-regraph-integration/workloads/sssp_benchmark_pure_stage0/small_chain_v64/small_chain_v64.expected.tsv	/home/chuxiao/grasu-regraph-integration/workloads/sssp_benchmark_pure_stage0/small_chain_v64/small_chain_v64.json
small_star_v4096_u1024	hot-source	4096	4096	1024	5120	0	2	1	/home/chuxiao/grasu-regraph-integration/workloads/sssp_benchmark_pure_stage0/small_star_v4096_u1024/small_star_v4096_u1024.graph	/home/chuxiao/grasu-regraph-integration/workloads/sssp_benchmark_pure_stage0/small_star_v4096_u1024/small_star_v4096_u1024.result	/home/chuxiao/grasu-regraph-integration/workloads/sssp_benchmark_pure_stage0/small_star_v4096_u1024/small_star_v4096_u1024.sssp.edges	/home/chuxiao/grasu-regraph-integration/workloads/sssp_benchmark_pure_stage0/small_star_v4096_u1024/small_star_v4096_u1024.expected.tsv	/home/chuxiao/grasu-regraph-integration/workloads/sssp_benchmark_pure_stage0/small_star_v4096_u1024/small_star_v4096_u1024.json
small_spread_v4096_u1024	spread	4096	4096	1024	5120	0	16	1	/home/chuxiao/grasu-regraph-integration/workloads/sssp_benchmark_pure_stage0/small_spread_v4096_u1024/small_spread_v4096_u1024.graph	/home/chuxiao/grasu-regraph-integration/workloads/sssp_benchmark_pure_stage0/small_spread_v4096_u1024/small_spread_v4096_u1024.result	/home/chuxiao/grasu-regraph-integration/workloads/sssp_benchmark_pure_stage0/small_spread_v4096_u1024/small_spread_v4096_u1024.sssp.edges	/home/chuxiao/grasu-regraph-integration/workloads/sssp_benchmark_pure_stage0/small_spread_v4096_u1024/small_spread_v4096_u1024.expected.tsv	/home/chuxiao/grasu-regraph-integration/workloads/sssp_benchmark_pure_stage0/small_spread_v4096_u1024/small_spread_v4096_u1024.json
small_hotdst_v4096_u1024	hot-dest	4096	4095	1024	5119	0	32	1	/home/chuxiao/grasu-regraph-integration/workloads/sssp_benchmark_pure_stage0/small_hotdst_v4096_u1024/small_hotdst_v4096_u1024.graph	/home/chuxiao/grasu-regraph-integration/workloads/sssp_benchmark_pure_stage0/small_hotdst_v4096_u1024/small_hotdst_v4096_u1024.result	/home/chuxiao/grasu-regraph-integration/workloads/sssp_benchmark_pure_stage0/small_hotdst_v4096_u1024/small_hotdst_v4096_u1024.sssp.edges	/home/chuxiao/grasu-regraph-integration/workloads/sssp_benchmark_pure_stage0/small_hotdst_v4096_u1024/small_hotdst_v4096_u1024.expected.tsv	/home/chuxiao/grasu-regraph-integration/workloads/sssp_benchmark_pure_stage0/small_hotdst_v4096_u1024/small_hotdst_v4096_u1024.json
large_chain_v4096	chain	4096	4095	0	4095	0	4096	1	/home/chuxiao/grasu-regraph-integration/workloads/sssp_benchmark_pure_stage0/large_chain_v4096/large_chain_v4096.graph	/home/chuxiao/grasu-regraph-integration/workloads/sssp_benchmark_pure_stage0/large_chain_v4096/large_chain_v4096.result	/home/chuxiao/grasu-regraph-integration/workloads/sssp_benchmark_pure_stage0/large_chain_v4096/large_chain_v4096.sssp.edges	/home/chuxiao/grasu-regraph-integration/workloads/sssp_benchmark_pure_stage0/large_chain_v4096/large_chain_v4096.expected.tsv	/home/chuxiao/grasu-regraph-integration/workloads/sssp_benchmark_pure_stage0/large_chain_v4096/large_chain_v4096.json
medium_star_v65536_u8192	hot-source	65536	65536	8192	73728	0	2	1	/home/chuxiao/grasu-regraph-integration/workloads/sssp_benchmark_pure_stage0/medium_star_v65536_u8192/medium_star_v65536_u8192.graph	/home/chuxiao/grasu-regraph-integration/workloads/sssp_benchmark_pure_stage0/medium_star_v65536_u8192/medium_star_v65536_u8192.result	/home/chuxiao/grasu-regraph-integration/workloads/sssp_benchmark_pure_stage0/medium_star_v65536_u8192/medium_star_v65536_u8192.sssp.edges	/home/chuxiao/grasu-regraph-integration/workloads/sssp_benchmark_pure_stage0/medium_star_v65536_u8192/medium_star_v65536_u8192.expected.tsv	/home/chuxiao/grasu-regraph-integration/workloads/sssp_benchmark_pure_stage0/medium_star_v65536_u8192/medium_star_v65536_u8192.json
medium_spread_v65536_u16384	spread	65536	65536	16384	81920	0	32	1	/home/chuxiao/grasu-regraph-integration/workloads/sssp_benchmark_pure_stage0/medium_spread_v65536_u16384/medium_spread_v65536_u16384.graph	/home/chuxiao/grasu-regraph-integration/workloads/sssp_benchmark_pure_stage0/medium_spread_v65536_u16384/medium_spread_v65536_u16384.result	/home/chuxiao/grasu-regraph-integration/workloads/sssp_benchmark_pure_stage0/medium_spread_v65536_u16384/medium_spread_v65536_u16384.sssp.edges	/home/chuxiao/grasu-regraph-integration/workloads/sssp_benchmark_pure_stage0/medium_spread_v65536_u16384/medium_spread_v65536_u16384.expected.tsv	/home/chuxiao/grasu-regraph-integration/workloads/sssp_benchmark_pure_stage0/medium_spread_v65536_u16384/medium_spread_v65536_u16384.json
boundary_hotdst_v65536_u4096	hot-dest	65536	65535	4096	69631	0	64	1	/home/chuxiao/grasu-regraph-integration/workloads/sssp_benchmark_pure_stage0/boundary_hotdst_v65536_u4096/boundary_hotdst_v65536_u4096.graph	/home/chuxiao/grasu-regraph-integration/workloads/sssp_benchmark_pure_stage0/boundary_hotdst_v65536_u4096/boundary_hotdst_v65536_u4096.result	/home/chuxiao/grasu-regraph-integration/workloads/sssp_benchmark_pure_stage0/boundary_hotdst_v65536_u4096/boundary_hotdst_v65536_u4096.sssp.edges	/home/chuxiao/grasu-regraph-integration/workloads/sssp_benchmark_pure_stage0/boundary_hotdst_v65536_u4096/boundary_hotdst_v65536_u4096.expected.tsv	/home/chuxiao/grasu-regraph-integration/workloads/sssp_benchmark_pure_stage0/boundary_hotdst_v65536_u4096/boundary_hotdst_v65536_u4096.json
