source	copied_path	path_from_build_root	size_bytes	sha256
/data/tmp/chuxiao/grasu_regraph_weighted_sssp_normalized_v3_hw_20260726/build/grasu_regraph_weighted_pma_native.hw.xclbin.link_summary	/data/tmp/chuxiao/grasu_regraph_weighted_sssp_normalized_v3_hw_20260726/collected_evidence/copied_reports/build/grasu_regraph_weighted_pma_native.hw.xclbin.link_summary	build/grasu_regraph_weighted_pma_native.hw.xclbin.link_summary	124848	8e9c88cbd31aee240c9c1c2d6bbaddf57ec73084fc06da2158949fc1014ef165
/data/tmp/chuxiao/grasu_regraph_weighted_sssp_normalized_v3_hw_20260726/build/link/link/vivado/vpl/prj/prj.runs/impl_1/dr_timing_summary.rpt	/data/tmp/chuxiao/grasu_regraph_weighted_sssp_normalized_v3_hw_20260726/collected_evidence/copied_reports/build/link/link/vivado/vpl/prj/prj.runs/impl_1/dr_timing_summary.rpt	build/link/link/vivado/vpl/prj/prj.runs/impl_1/dr_timing_summary.rpt	262514	224cef0a0f6e3a2784d2b63c8ccab5c2b685baadd175bac4184fdf4564d5b15a
/data/tmp/chuxiao/grasu_regraph_weighted_sssp_normalized_v3_hw_20260726/reports/bin_search/bin_search/system_estimate_bin_search.hw.xtxt	/data/tmp/chuxiao/grasu_regraph_weighted_sssp_normalized_v3_hw_20260726/collected_evidence/copied_reports/reports/bin_search/bin_search/system_estimate_bin_search.hw.xtxt	reports/bin_search/bin_search/system_estimate_bin_search.hw.xtxt	2611	01dab7e5f8f3f16e27b314a202869b16cb6fd74730676ba806d84293877b5387
/data/tmp/chuxiao/grasu_regraph_weighted_sssp_normalized_v3_hw_20260726/reports/dispatch/dispatch/system_estimate_dispatch.hw.xtxt	/data/tmp/chuxiao/grasu_regraph_weighted_sssp_normalized_v3_hw_20260726/collected_evidence/copied_reports/reports/dispatch/dispatch/system_estimate_dispatch.hw.xtxt	reports/dispatch/dispatch/system_estimate_dispatch.hw.xtxt	2563	5ded41fd64004b30243d07efa2dab2a92ec81b9c109f5010bbd2daa43c7ffc50
/data/tmp/chuxiao/grasu_regraph_weighted_sssp_normalized_v3_hw_20260726/reports/kernelApply/kernelApply/system_estimate_kernelApply.hw.xilinx_u55c_gen3x16_xdma_3_202210_1.xtxt	/data/tmp/chuxiao/grasu_regraph_weighted_sssp_normalized_v3_hw_20260726/collected_evidence/copied_reports/reports/kernelApply/kernelApply/system_estimate_kernelApply.hw.xilinx_u55c_gen3x16_xdma_3_202210_1.xtxt	reports/kernelApply/kernelApply/system_estimate_kernelApply.hw.xilinx_u55c_gen3x16_xdma_3_202210_1.xtxt	5114	bd4e7931c8fc14979100dd6e3c036d95862d894ca29a7a47cf809d5829497b11
/data/tmp/chuxiao/grasu_regraph_weighted_sssp_normalized_v3_hw_20260726/reports/kernelHBMWrapper/kernelHBMWrapper/system_estimate_kernelHBMWrapper.hw.xilinx_u55c_gen3x16_xdma_3_202210_1.xtxt	/data/tmp/chuxiao/grasu_regraph_weighted_sssp_normalized_v3_hw_20260726/collected_evidence/copied_reports/reports/kernelHBMWrapper/kernelHBMWrapper/system_estimate_kernelHBMWrapper.hw.xilinx_u55c_gen3x16_xdma_3_202210_1.xtxt	reports/kernelHBMWrapper/kernelHBMWrapper/system_estimate_kernelHBMWrapper.hw.xilinx_u55c_gen3x16_xdma_3_202210_1.xtxt	3202	3620d9231b7e17cf299810d98ca3ee881c0e71841e096a358cdf419a889502e5
/data/tmp/chuxiao/grasu_regraph_weighted_sssp_normalized_v3_hw_20260726/reports/kernelLittleGSMerger/kernelLittleGSMerger/system_estimate_kernelLittleGSMerger.hw.xilinx_u55c_gen3x16_xdma_3_202210_1.xtxt	/data/tmp/chuxiao/grasu_regraph_weighted_sssp_normalized_v3_hw_20260726/collected_evidence/copied_reports/reports/kernelLittleGSMerger/kernelLittleGSMerger/system_estimate_kernelLittleGSMerger.hw.xilinx_u55c_gen3x16_xdma_3_202210_1.xtxt	reports/kernelLittleGSMerger/kernelLittleGSMerger/system_estimate_kernelLittleGSMerger.hw.xilinx_u55c_gen3x16_xdma_3_202210_1.xtxt	2985	9bc352d79489cc9d2ddf203ac55d8a2e5ff80aa894a9867c76aa527321e5e79a
/data/tmp/chuxiao/grasu_regraph_weighted_sssp_normalized_v3_hw_20260726/reports/link/link/imp/impl_1_full_util_routed.rpt	/data/tmp/chuxiao/grasu_regraph_weighted_sssp_normalized_v3_hw_20260726/collected_evidence/copied_reports/reports/link/link/imp/impl_1_full_util_routed.rpt	reports/link/link/imp/impl_1_full_util_routed.rpt	38842	d3b1da92253d7a9b6db4adc7e3555cda79461acc1a9afb582f005a46a5b39d5d
/data/tmp/chuxiao/grasu_regraph_weighted_sssp_normalized_v3_hw_20260726/reports/link/link/imp/impl_1_kernel_util_routed.rpt	/data/tmp/chuxiao/grasu_regraph_weighted_sssp_normalized_v3_hw_20260726/collected_evidence/copied_reports/reports/link/link/imp/impl_1_kernel_util_routed.rpt	reports/link/link/imp/impl_1_kernel_util_routed.rpt	8474	816d9b1f51a0e1868b05200c1cb6dd5cb0ad13453f14949b1f0f863797cc0590
/data/tmp/chuxiao/grasu_regraph_weighted_sssp_normalized_v3_hw_20260726/reports/link/link/imp/impl_1_slr_util_routed.rpt	/data/tmp/chuxiao/grasu_regraph_weighted_sssp_normalized_v3_hw_20260726/collected_evidence/copied_reports/reports/link/link/imp/impl_1_slr_util_routed.rpt	reports/link/link/imp/impl_1_slr_util_routed.rpt	6661	e824a731901eda26c006268b078a97c868dcdbf0714a41635111aed4ba335f4e
/data/tmp/chuxiao/grasu_regraph_weighted_sssp_normalized_v3_hw_20260726/reports/link/link/system_estimate_grasu_regraph_weighted_pma_native.hw.xtxt	/data/tmp/chuxiao/grasu_regraph_weighted_sssp_normalized_v3_hw_20260726/collected_evidence/copied_reports/reports/link/link/system_estimate_grasu_regraph_weighted_pma_native.hw.xtxt	reports/link/link/system_estimate_grasu_regraph_weighted_pma_native.hw.xtxt	28279	365a2a778bb8e04be995964cb00762ab815a1ddd2cff88d97b0067c0723a3c4a
/data/tmp/chuxiao/grasu_regraph_weighted_sssp_normalized_v3_hw_20260726/reports/lksg_stream/lksg_stream/system_estimate_lksg_stream.hw.xtxt	/data/tmp/chuxiao/grasu_regraph_weighted_sssp_normalized_v3_hw_20260726/collected_evidence/copied_reports/reports/lksg_stream/lksg_stream/system_estimate_lksg_stream.hw.xtxt	reports/lksg_stream/lksg_stream/system_estimate_lksg_stream.hw.xtxt	7456	a59fd294e276d3d499abf82420b95521d532b8f8b29aba034b28cfb3eb8959a8
/data/tmp/chuxiao/grasu_regraph_weighted_sssp_normalized_v3_hw_20260726/reports/pma_completion_barrier/pma_completion_barrier/system_estimate_pma_completion_barrier.hw.xtxt	/data/tmp/chuxiao/grasu_regraph_weighted_sssp_normalized_v3_hw_20260726/collected_evidence/copied_reports/reports/pma_completion_barrier/pma_completion_barrier/system_estimate_pma_completion_barrier.hw.xtxt	reports/pma_completion_barrier/pma_completion_barrier/system_estimate_pma_completion_barrier.hw.xtxt	2423	f01757fec1345c683d977552266426b3c8625c319fb324a45c2ca2f9f07eef86
/data/tmp/chuxiao/grasu_regraph_weighted_sssp_normalized_v3_hw_20260726/reports/pma_to_regraph_adapter/pma_to_regraph_adapter/system_estimate_pma_to_regraph_adapter.hw.xtxt	/data/tmp/chuxiao/grasu_regraph_weighted_sssp_normalized_v3_hw_20260726/collected_evidence/copied_reports/reports/pma_to_regraph_adapter/pma_to_regraph_adapter/system_estimate_pma_to_regraph_adapter.hw.xtxt	reports/pma_to_regraph_adapter/pma_to_regraph_adapter/system_estimate_pma_to_regraph_adapter.hw.xtxt	3085	62dae5dfc5a9596ab8ec8e6b1bd2228e74369528c093410995ada21a7193608a
/data/tmp/chuxiao/grasu_regraph_weighted_sssp_normalized_v3_hw_20260726/reports/process_cache/process_cache/system_estimate_process_cache.hw.xtxt	/data/tmp/chuxiao/grasu_regraph_weighted_sssp_normalized_v3_hw_20260726/collected_evidence/copied_reports/reports/process_cache/process_cache/system_estimate_process_cache.hw.xtxt	reports/process_cache/process_cache/system_estimate_process_cache.hw.xtxt	2717	fb09f44ec918f3367c295fed23c5d7372c7fb61f5e12389c2dd956bc7c24d6e3
/data/tmp/chuxiao/grasu_regraph_weighted_sssp_normalized_v3_hw_20260726/reports/process_ddr/process_ddr/system_estimate_process_ddr.hw.xtxt	/data/tmp/chuxiao/grasu_regraph_weighted_sssp_normalized_v3_hw_20260726/collected_evidence/copied_reports/reports/process_ddr/process_ddr/system_estimate_process_ddr.hw.xtxt	reports/process_ddr/process_ddr/system_estimate_process_ddr.hw.xtxt	3362	1187e42c0c7d22cd6efbdb4853f7d3e2872691c389008bffeb1fc6748ba0d19b
